[0.049s] DEBUG:colcon:Command line arguments: ['/usr/bin/colcon', 'build']
[0.049s] DEBUG:colcon:Parsed command line arguments: Namespace(log_base=None, log_level=None, verb_name='build', build_base='build', install_base='install', merge_install=False, symlink_install=False, test_result_base=None, continue_on_error=False, executor='parallel', parallel_workers=16, event_handlers=None, ignore_user_meta=False, metas=['./colcon.meta'], base_paths=['.'], packages_ignore=None, packages_ignore_regex=None, paths=None, packages_up_to=None, packages_up_to_regex=None, packages_above=None, packages_above_and_dependencies=None, packages_above_depth=None, packages_select_by_dep=None, packages_skip_by_dep=None, packages_skip_up_to=None, packages_select_build_failed=False, packages_skip_build_finished=False, packages_select_test_failures=False, packages_skip_test_passed=False, packages_select=None, packages_skip=None, packages_select_regex=None, packages_skip_regex=None, packages_start=None, packages_end=None, allow_overriding=[], cmake_args=None, cmake_target=None, cmake_target_skip_unavailable=False, cmake_clean_cache=False, cmake_clean_first=False, cmake_force_configure=False, ament_cmake_args=None, catkin_cmake_args=None, catkin_skip_building_tests=False, verb_parser=<colcon_defaults.argument_parser.defaults.DefaultArgumentsDecorator object at 0x7dd0ef52bf40>, verb_extension=<colcon_core.verb.build.BuildVerb object at 0x7dd0ef52baf0>, main=<bound method BuildVerb.main of <colcon_core.verb.build.BuildVerb object at 0x7dd0ef52baf0>>)
[0.125s] Level 1:colcon.colcon_core.package_discovery:discover_packages(colcon_meta) check parameters
[0.125s] Level 1:colcon.colcon_core.package_discovery:discover_packages(recursive) check parameters
[0.125s] Level 1:colcon.colcon_core.package_discovery:discover_packages(ignore) check parameters
[0.125s] Level 1:colcon.colcon_core.package_discovery:discover_packages(path) check parameters
[0.125s] Level 1:colcon.colcon_core.package_discovery:discover_packages(colcon_meta) discover
[0.125s] Level 1:colcon.colcon_core.package_discovery:discover_packages(recursive) discover
[0.125s] INFO:colcon.colcon_core.package_discovery:Crawling recursively for packages in '/home/jjy/ros2_ws'
[0.125s] Level 1:colcon.colcon_core.package_identification:_identify(.) by extensions ['ignore', 'ignore_ament_install']
[0.125s] Level 1:colcon.colcon_core.package_identification:_identify(.) by extension 'ignore'
[0.125s] Level 1:colcon.colcon_core.package_identification:_identify(.) by extension 'ignore_ament_install'
[0.125s] Level 1:colcon.colcon_core.package_identification:_identify(.) by extensions ['colcon_pkg']
[0.125s] Level 1:colcon.colcon_core.package_identification:_identify(.) by extension 'colcon_pkg'
[0.125s] Level 1:colcon.colcon_core.package_identification:_identify(.) by extensions ['colcon_meta']
[0.125s] Level 1:colcon.colcon_core.package_identification:_identify(.) by extension 'colcon_meta'
[0.125s] Level 1:colcon.colcon_core.package_identification:_identify(.) by extensions ['ros']
[0.125s] Level 1:colcon.colcon_core.package_identification:_identify(.) by extension 'ros'
[0.130s] Level 1:colcon.colcon_core.package_identification:_identify(.) by extensions ['cmake', 'python']
[0.130s] Level 1:colcon.colcon_core.package_identification:_identify(.) by extension 'cmake'
[0.131s] Level 1:colcon.colcon_core.package_identification:_identify(.) by extension 'python'
[0.131s] Level 1:colcon.colcon_core.package_identification:_identify(.) by extensions ['python_setup_py']
[0.131s] Level 1:colcon.colcon_core.package_identification:_identify(.) by extension 'python_setup_py'
[0.131s] Level 1:colcon.colcon_core.package_identification:_identify(build) by extensions ['ignore', 'ignore_ament_install']
[0.131s] Level 1:colcon.colcon_core.package_identification:_identify(build) by extension 'ignore'
[0.131s] Level 1:colcon.colcon_core.package_identification:_identify(build) ignored
[0.131s] Level 1:colcon.colcon_core.package_identification:_identify(install) by extensions ['ignore', 'ignore_ament_install']
[0.131s] Level 1:colcon.colcon_core.package_identification:_identify(install) by extension 'ignore'
[0.131s] Level 1:colcon.colcon_core.package_identification:_identify(install) ignored
[0.131s] Level 1:colcon.colcon_core.package_identification:_identify(log) by extensions ['ignore', 'ignore_ament_install']
[0.131s] Level 1:colcon.colcon_core.package_identification:_identify(log) by extension 'ignore'
[0.131s] Level 1:colcon.colcon_core.package_identification:_identify(log) ignored
[0.131s] Level 1:colcon.colcon_core.package_identification:_identify(src) by extensions ['ignore', 'ignore_ament_install']
[0.131s] Level 1:colcon.colcon_core.package_identification:_identify(src) by extension 'ignore'
[0.131s] Level 1:colcon.colcon_core.package_identification:_identify(src) by extension 'ignore_ament_install'
[0.131s] Level 1:colcon.colcon_core.package_identification:_identify(src) by extensions ['colcon_pkg']
[0.131s] Level 1:colcon.colcon_core.package_identification:_identify(src) by extension 'colcon_pkg'
[0.131s] Level 1:colcon.colcon_core.package_identification:_identify(src) by extensions ['colcon_meta']
[0.131s] Level 1:colcon.colcon_core.package_identification:_identify(src) by extension 'colcon_meta'
[0.131s] Level 1:colcon.colcon_core.package_identification:_identify(src) by extensions ['ros']
[0.131s] Level 1:colcon.colcon_core.package_identification:_identify(src) by extension 'ros'
[0.131s] Level 1:colcon.colcon_core.package_identification:_identify(src) by extensions ['cmake', 'python']
[0.131s] Level 1:colcon.colcon_core.package_identification:_identify(src) by extension 'cmake'
[0.131s] Level 1:colcon.colcon_core.package_identification:_identify(src) by extension 'python'
[0.131s] Level 1:colcon.colcon_core.package_identification:_identify(src) by extensions ['python_setup_py']
[0.131s] Level 1:colcon.colcon_core.package_identification:_identify(src) by extension 'python_setup_py'
[0.131s] Level 1:colcon.colcon_core.package_identification:_identify(src/rse_prob_robotics) by extensions ['ignore', 'ignore_ament_install']
[0.131s] Level 1:colcon.colcon_core.package_identification:_identify(src/rse_prob_robotics) by extension 'ignore'
[0.131s] Level 1:colcon.colcon_core.package_identification:_identify(src/rse_prob_robotics) by extension 'ignore_ament_install'
[0.131s] Level 1:colcon.colcon_core.package_identification:_identify(src/rse_prob_robotics) by extensions ['colcon_pkg']
[0.131s] Level 1:colcon.colcon_core.package_identification:_identify(src/rse_prob_robotics) by extension 'colcon_pkg'
[0.131s] Level 1:colcon.colcon_core.package_identification:_identify(src/rse_prob_robotics) by extensions ['colcon_meta']
[0.131s] Level 1:colcon.colcon_core.package_identification:_identify(src/rse_prob_robotics) by extension 'colcon_meta'
[0.131s] Level 1:colcon.colcon_core.package_identification:_identify(src/rse_prob_robotics) by extensions ['ros']
[0.131s] Level 1:colcon.colcon_core.package_identification:_identify(src/rse_prob_robotics) by extension 'ros'
[0.131s] Level 1:colcon.colcon_core.package_identification:_identify(src/rse_prob_robotics) by extensions ['cmake', 'python']
[0.131s] Level 1:colcon.colcon_core.package_identification:_identify(src/rse_prob_robotics) by extension 'cmake'
[0.131s] Level 1:colcon.colcon_core.package_identification:_identify(src/rse_prob_robotics) by extension 'python'
[0.131s] Level 1:colcon.colcon_core.package_identification:_identify(src/rse_prob_robotics) by extensions ['python_setup_py']
[0.132s] Level 1:colcon.colcon_core.package_identification:_identify(src/rse_prob_robotics) by extension 'python_setup_py'
[0.132s] Level 1:colcon.colcon_core.package_identification:_identify(src/rse_prob_robotics/log) by extensions ['ignore', 'ignore_ament_install']
[0.132s] Level 1:colcon.colcon_core.package_identification:_identify(src/rse_prob_robotics/log) by extension 'ignore'
[0.132s] Level 1:colcon.colcon_core.package_identification:_identify(src/rse_prob_robotics/log) ignored
[0.132s] Level 1:colcon.colcon_core.package_identification:_identify(src/rse_prob_robotics/maps) by extensions ['ignore', 'ignore_ament_install']
[0.132s] Level 1:colcon.colcon_core.package_identification:_identify(src/rse_prob_robotics/maps) by extension 'ignore'
[0.132s] Level 1:colcon.colcon_core.package_identification:_identify(src/rse_prob_robotics/maps) by extension 'ignore_ament_install'
[0.132s] Level 1:colcon.colcon_core.package_identification:_identify(src/rse_prob_robotics/maps) by extensions ['colcon_pkg']
[0.132s] Level 1:colcon.colcon_core.package_identification:_identify(src/rse_prob_robotics/maps) by extension 'colcon_pkg'
[0.132s] Level 1:colcon.colcon_core.package_identification:_identify(src/rse_prob_robotics/maps) by extensions ['colcon_meta']
[0.132s] Level 1:colcon.colcon_core.package_identification:_identify(src/rse_prob_robotics/maps) by extension 'colcon_meta'
[0.132s] Level 1:colcon.colcon_core.package_identification:_identify(src/rse_prob_robotics/maps) by extensions ['ros']
[0.132s] Level 1:colcon.colcon_core.package_identification:_identify(src/rse_prob_robotics/maps) by extension 'ros'
[0.132s] Level 1:colcon.colcon_core.package_identification:_identify(src/rse_prob_robotics/maps) by extensions ['cmake', 'python']
[0.132s] Level 1:colcon.colcon_core.package_identification:_identify(src/rse_prob_robotics/maps) by extension 'cmake'
[0.132s] Level 1:colcon.colcon_core.package_identification:_identify(src/rse_prob_robotics/maps) by extension 'python'
[0.132s] Level 1:colcon.colcon_core.package_identification:_identify(src/rse_prob_robotics/maps) by extensions ['python_setup_py']
[0.132s] Level 1:colcon.colcon_core.package_identification:_identify(src/rse_prob_robotics/maps) by extension 'python_setup_py'
[0.132s] Level 1:colcon.colcon_core.package_identification:_identify(src/rse_prob_robotics/rse_common_utils) by extensions ['ignore', 'ignore_ament_install']
[0.132s] Level 1:colcon.colcon_core.package_identification:_identify(src/rse_prob_robotics/rse_common_utils) by extension 'ignore'
[0.132s] Level 1:colcon.colcon_core.package_identification:_identify(src/rse_prob_robotics/rse_common_utils) by extension 'ignore_ament_install'
[0.132s] Level 1:colcon.colcon_core.package_identification:_identify(src/rse_prob_robotics/rse_common_utils) by extensions ['colcon_pkg']
[0.132s] Level 1:colcon.colcon_core.package_identification:_identify(src/rse_prob_robotics/rse_common_utils) by extension 'colcon_pkg'
[0.132s] Level 1:colcon.colcon_core.package_identification:_identify(src/rse_prob_robotics/rse_common_utils) by extensions ['colcon_meta']
[0.132s] Level 1:colcon.colcon_core.package_identification:_identify(src/rse_prob_robotics/rse_common_utils) by extension 'colcon_meta'
[0.132s] Level 1:colcon.colcon_core.package_identification:_identify(src/rse_prob_robotics/rse_common_utils) by extensions ['ros']
[0.132s] Level 1:colcon.colcon_core.package_identification:_identify(src/rse_prob_robotics/rse_common_utils) by extension 'ros'
[0.133s] DEBUG:colcon.colcon_core.package_identification:Package 'src/rse_prob_robotics/rse_common_utils' with type 'ros.ament_python' and name 'rse_common_utils'
[0.133s] Level 1:colcon.colcon_core.package_identification:_identify(src/rse_prob_robotics/rse_gaussian_filters) by extensions ['ignore', 'ignore_ament_install']
[0.133s] Level 1:colcon.colcon_core.package_identification:_identify(src/rse_prob_robotics/rse_gaussian_filters) by extension 'ignore'
[0.133s] Level 1:colcon.colcon_core.package_identification:_identify(src/rse_prob_robotics/rse_gaussian_filters) by extension 'ignore_ament_install'
[0.133s] Level 1:colcon.colcon_core.package_identification:_identify(src/rse_prob_robotics/rse_gaussian_filters) by extensions ['colcon_pkg']
[0.133s] Level 1:colcon.colcon_core.package_identification:_identify(src/rse_prob_robotics/rse_gaussian_filters) by extension 'colcon_pkg'
[0.133s] Level 1:colcon.colcon_core.package_identification:_identify(src/rse_prob_robotics/rse_gaussian_filters) by extensions ['colcon_meta']
[0.133s] Level 1:colcon.colcon_core.package_identification:_identify(src/rse_prob_robotics/rse_gaussian_filters) by extension 'colcon_meta'
[0.133s] Level 1:colcon.colcon_core.package_identification:_identify(src/rse_prob_robotics/rse_gaussian_filters) by extensions ['ros']
[0.133s] Level 1:colcon.colcon_core.package_identification:_identify(src/rse_prob_robotics/rse_gaussian_filters) by extension 'ros'
[0.134s] DEBUG:colcon.colcon_core.package_identification:Package 'src/rse_prob_robotics/rse_gaussian_filters' with type 'ros.ament_python' and name 'rse_gaussian_filters'
[0.134s] Level 1:colcon.colcon_core.package_identification:_identify(src/rse_prob_robotics/rse_lidar_odometry) by extensions ['ignore', 'ignore_ament_install']
[0.134s] Level 1:colcon.colcon_core.package_identification:_identify(src/rse_prob_robotics/rse_lidar_odometry) by extension 'ignore'
[0.134s] Level 1:colcon.colcon_core.package_identification:_identify(src/rse_prob_robotics/rse_lidar_odometry) by extension 'ignore_ament_install'
[0.134s] Level 1:colcon.colcon_core.package_identification:_identify(src/rse_prob_robotics/rse_lidar_odometry) by extensions ['colcon_pkg']
[0.134s] Level 1:colcon.colcon_core.package_identification:_identify(src/rse_prob_robotics/rse_lidar_odometry) by extension 'colcon_pkg'
[0.134s] Level 1:colcon.colcon_core.package_identification:_identify(src/rse_prob_robotics/rse_lidar_odometry) by extensions ['colcon_meta']
[0.134s] Level 1:colcon.colcon_core.package_identification:_identify(src/rse_prob_robotics/rse_lidar_odometry) by extension 'colcon_meta'
[0.134s] Level 1:colcon.colcon_core.package_identification:_identify(src/rse_prob_robotics/rse_lidar_odometry) by extensions ['ros']
[0.134s] Level 1:colcon.colcon_core.package_identification:_identify(src/rse_prob_robotics/rse_lidar_odometry) by extension 'ros'
[0.134s] DEBUG:colcon.colcon_core.package_identification:Package 'src/rse_prob_robotics/rse_lidar_odometry' with type 'ros.ament_python' and name 'rse_lidar_odometry'
[0.134s] Level 1:colcon.colcon_core.package_identification:_identify(src/rse_prob_robotics/rse_map_models) by extensions ['ignore', 'ignore_ament_install']
[0.134s] Level 1:colcon.colcon_core.package_identification:_identify(src/rse_prob_robotics/rse_map_models) by extension 'ignore'
[0.134s] Level 1:colcon.colcon_core.package_identification:_identify(src/rse_prob_robotics/rse_map_models) by extension 'ignore_ament_install'
[0.134s] Level 1:colcon.colcon_core.package_identification:_identify(src/rse_prob_robotics/rse_map_models) by extensions ['colcon_pkg']
[0.135s] Level 1:colcon.colcon_core.package_identification:_identify(src/rse_prob_robotics/rse_map_models) by extension 'colcon_pkg'
[0.135s] Level 1:colcon.colcon_core.package_identification:_identify(src/rse_prob_robotics/rse_map_models) by extensions ['colcon_meta']
[0.135s] Level 1:colcon.colcon_core.package_identification:_identify(src/rse_prob_robotics/rse_map_models) by extension 'colcon_meta'
[0.135s] Level 1:colcon.colcon_core.package_identification:_identify(src/rse_prob_robotics/rse_map_models) by extensions ['ros']
[0.135s] Level 1:colcon.colcon_core.package_identification:_identify(src/rse_prob_robotics/rse_map_models) by extension 'ros'
[0.135s] DEBUG:colcon.colcon_core.package_identification:Package 'src/rse_prob_robotics/rse_map_models' with type 'ros.ament_python' and name 'rse_map_models'
[0.135s] Level 1:colcon.colcon_core.package_identification:_identify(src/rse_prob_robotics/rse_motion_models) by extensions ['ignore', 'ignore_ament_install']
[0.135s] Level 1:colcon.colcon_core.package_identification:_identify(src/rse_prob_robotics/rse_motion_models) by extension 'ignore'
[0.135s] Level 1:colcon.colcon_core.package_identification:_identify(src/rse_prob_robotics/rse_motion_models) by extension 'ignore_ament_install'
[0.135s] Level 1:colcon.colcon_core.package_identification:_identify(src/rse_prob_robotics/rse_motion_models) by extensions ['colcon_pkg']
[0.135s] Level 1:colcon.colcon_core.package_identification:_identify(src/rse_prob_robotics/rse_motion_models) by extension 'colcon_pkg'
[0.135s] Level 1:colcon.colcon_core.package_identification:_identify(src/rse_prob_robotics/rse_motion_models) by extensions ['colcon_meta']
[0.135s] Level 1:colcon.colcon_core.package_identification:_identify(src/rse_prob_robotics/rse_motion_models) by extension 'colcon_meta'
[0.135s] Level 1:colcon.colcon_core.package_identification:_identify(src/rse_prob_robotics/rse_motion_models) by extensions ['ros']
[0.135s] Level 1:colcon.colcon_core.package_identification:_identify(src/rse_prob_robotics/rse_motion_models) by extension 'ros'
[0.135s] DEBUG:colcon.colcon_core.package_identification:Package 'src/rse_prob_robotics/rse_motion_models' with type 'ros.ament_python' and name 'rse_motion_models'
[0.135s] Level 1:colcon.colcon_core.package_identification:_identify(src/rse_prob_robotics/rse_nonparametric_filters) by extensions ['ignore', 'ignore_ament_install']
[0.135s] Level 1:colcon.colcon_core.package_identification:_identify(src/rse_prob_robotics/rse_nonparametric_filters) by extension 'ignore'
[0.135s] Level 1:colcon.colcon_core.package_identification:_identify(src/rse_prob_robotics/rse_nonparametric_filters) by extension 'ignore_ament_install'
[0.135s] Level 1:colcon.colcon_core.package_identification:_identify(src/rse_prob_robotics/rse_nonparametric_filters) by extensions ['colcon_pkg']
[0.135s] Level 1:colcon.colcon_core.package_identification:_identify(src/rse_prob_robotics/rse_nonparametric_filters) by extension 'colcon_pkg'
[0.135s] Level 1:colcon.colcon_core.package_identification:_identify(src/rse_prob_robotics/rse_nonparametric_filters) by extensions ['colcon_meta']
[0.135s] Level 1:colcon.colcon_core.package_identification:_identify(src/rse_prob_robotics/rse_nonparametric_filters) by extension 'colcon_meta'
[0.135s] Level 1:colcon.colcon_core.package_identification:_identify(src/rse_prob_robotics/rse_nonparametric_filters) by extensions ['ros']
[0.136s] Level 1:colcon.colcon_core.package_identification:_identify(src/rse_prob_robotics/rse_nonparametric_filters) by extension 'ros'
[0.136s] DEBUG:colcon.colcon_core.package_identification:Package 'src/rse_prob_robotics/rse_nonparametric_filters' with type 'ros.ament_python' and name 'rse_nonparametric_filters'
[0.136s] Level 1:colcon.colcon_core.package_identification:_identify(src/rse_prob_robotics/rse_observation_models) by extensions ['ignore', 'ignore_ament_install']
[0.136s] Level 1:colcon.colcon_core.package_identification:_identify(src/rse_prob_robotics/rse_observation_models) by extension 'ignore'
[0.136s] Level 1:colcon.colcon_core.package_identification:_identify(src/rse_prob_robotics/rse_observation_models) by extension 'ignore_ament_install'
[0.136s] Level 1:colcon.colcon_core.package_identification:_identify(src/rse_prob_robotics/rse_observation_models) by extensions ['colcon_pkg']
[0.136s] Level 1:colcon.colcon_core.package_identification:_identify(src/rse_prob_robotics/rse_observation_models) by extension 'colcon_pkg'
[0.136s] Level 1:colcon.colcon_core.package_identification:_identify(src/rse_prob_robotics/rse_observation_models) by extensions ['colcon_meta']
[0.136s] Level 1:colcon.colcon_core.package_identification:_identify(src/rse_prob_robotics/rse_observation_models) by extension 'colcon_meta'
[0.136s] Level 1:colcon.colcon_core.package_identification:_identify(src/rse_prob_robotics/rse_observation_models) by extensions ['ros']
[0.136s] Level 1:colcon.colcon_core.package_identification:_identify(src/rse_prob_robotics/rse_observation_models) by extension 'ros'
[0.136s] DEBUG:colcon.colcon_core.package_identification:Package 'src/rse_prob_robotics/rse_observation_models' with type 'ros.ament_python' and name 'rse_observation_models'
[0.136s] Level 1:colcon.colcon_core.package_identification:_identify(src/rse_prob_robotics/rse_occupancy_grid_mapping) by extensions ['ignore', 'ignore_ament_install']
[0.136s] Level 1:colcon.colcon_core.package_identification:_identify(src/rse_prob_robotics/rse_occupancy_grid_mapping) by extension 'ignore'
[0.136s] Level 1:colcon.colcon_core.package_identification:_identify(src/rse_prob_robotics/rse_occupancy_grid_mapping) by extension 'ignore_ament_install'
[0.136s] Level 1:colcon.colcon_core.package_identification:_identify(src/rse_prob_robotics/rse_occupancy_grid_mapping) by extensions ['colcon_pkg']
[0.136s] Level 1:colcon.colcon_core.package_identification:_identify(src/rse_prob_robotics/rse_occupancy_grid_mapping) by extension 'colcon_pkg'
[0.136s] Level 1:colcon.colcon_core.package_identification:_identify(src/rse_prob_robotics/rse_occupancy_grid_mapping) by extensions ['colcon_meta']
[0.136s] Level 1:colcon.colcon_core.package_identification:_identify(src/rse_prob_robotics/rse_occupancy_grid_mapping) by extension 'colcon_meta'
[0.136s] Level 1:colcon.colcon_core.package_identification:_identify(src/rse_prob_robotics/rse_occupancy_grid_mapping) by extensions ['ros']
[0.136s] Level 1:colcon.colcon_core.package_identification:_identify(src/rse_prob_robotics/rse_occupancy_grid_mapping) by extension 'ros'
[0.137s] DEBUG:colcon.colcon_core.package_identification:Package 'src/rse_prob_robotics/rse_occupancy_grid_mapping' with type 'ros.ament_python' and name 'rse_occupancy_grid_mapping'
[0.137s] Level 1:colcon.colcon_core.package_identification:_identify(src/rse_prob_robotics/rse_perception_experiments) by extensions ['ignore', 'ignore_ament_install']
[0.137s] Level 1:colcon.colcon_core.package_identification:_identify(src/rse_prob_robotics/rse_perception_experiments) by extension 'ignore'
[0.137s] Level 1:colcon.colcon_core.package_identification:_identify(src/rse_prob_robotics/rse_perception_experiments) by extension 'ignore_ament_install'
[0.137s] Level 1:colcon.colcon_core.package_identification:_identify(src/rse_prob_robotics/rse_perception_experiments) by extensions ['colcon_pkg']
[0.137s] Level 1:colcon.colcon_core.package_identification:_identify(src/rse_prob_robotics/rse_perception_experiments) by extension 'colcon_pkg'
[0.137s] Level 1:colcon.colcon_core.package_identification:_identify(src/rse_prob_robotics/rse_perception_experiments) by extensions ['colcon_meta']
[0.137s] Level 1:colcon.colcon_core.package_identification:_identify(src/rse_prob_robotics/rse_perception_experiments) by extension 'colcon_meta'
[0.137s] Level 1:colcon.colcon_core.package_identification:_identify(src/rse_prob_robotics/rse_perception_experiments) by extensions ['ros']
[0.137s] Level 1:colcon.colcon_core.package_identification:_identify(src/rse_prob_robotics/rse_perception_experiments) by extension 'ros'
[0.137s] Level 1:colcon.colcon_core.package_identification:_identify(src/rse_prob_robotics/rse_perception_experiments) by extensions ['cmake', 'python']
[0.137s] Level 1:colcon.colcon_core.package_identification:_identify(src/rse_prob_robotics/rse_perception_experiments) by extension 'cmake'
[0.137s] Level 1:colcon.colcon_core.package_identification:_identify(src/rse_prob_robotics/rse_perception_experiments) by extension 'python'
[0.137s] Level 1:colcon.colcon_core.package_identification:_identify(src/rse_prob_robotics/rse_perception_experiments) by extensions ['python_setup_py']
[0.137s] Level 1:colcon.colcon_core.package_identification:_identify(src/rse_prob_robotics/rse_perception_experiments) by extension 'python_setup_py'
[0.137s] Level 1:colcon.colcon_core.package_identification:_identify(src/rse_prob_robotics/rse_perception_experiments/notebooks) by extensions ['ignore', 'ignore_ament_install']
[0.137s] Level 1:colcon.colcon_core.package_identification:_identify(src/rse_prob_robotics/rse_perception_experiments/notebooks) by extension 'ignore'
[0.137s] Level 1:colcon.colcon_core.package_identification:_identify(src/rse_prob_robotics/rse_perception_experiments/notebooks) by extension 'ignore_ament_install'
[0.137s] Level 1:colcon.colcon_core.package_identification:_identify(src/rse_prob_robotics/rse_perception_experiments/notebooks) by extensions ['colcon_pkg']
[0.137s] Level 1:colcon.colcon_core.package_identification:_identify(src/rse_prob_robotics/rse_perception_experiments/notebooks) by extension 'colcon_pkg'
[0.137s] Level 1:colcon.colcon_core.package_identification:_identify(src/rse_prob_robotics/rse_perception_experiments/notebooks) by extensions ['colcon_meta']
[0.137s] Level 1:colcon.colcon_core.package_identification:_identify(src/rse_prob_robotics/rse_perception_experiments/notebooks) by extension 'colcon_meta'
[0.137s] Level 1:colcon.colcon_core.package_identification:_identify(src/rse_prob_robotics/rse_perception_experiments/notebooks) by extensions ['ros']
[0.137s] Level 1:colcon.colcon_core.package_identification:_identify(src/rse_prob_robotics/rse_perception_experiments/notebooks) by extension 'ros'
[0.137s] Level 1:colcon.colcon_core.package_identification:_identify(src/rse_prob_robotics/rse_perception_experiments/notebooks) by extensions ['cmake', 'python']
[0.137s] Level 1:colcon.colcon_core.package_identification:_identify(src/rse_prob_robotics/rse_perception_experiments/notebooks) by extension 'cmake'
[0.137s] Level 1:colcon.colcon_core.package_identification:_identify(src/rse_prob_robotics/rse_perception_experiments/notebooks) by extension 'python'
[0.137s] Level 1:colcon.colcon_core.package_identification:_identify(src/rse_prob_robotics/rse_perception_experiments/notebooks) by extensions ['python_setup_py']
[0.137s] Level 1:colcon.colcon_core.package_identification:_identify(src/rse_prob_robotics/rse_perception_experiments/notebooks) by extension 'python_setup_py'
[0.137s] Level 1:colcon.colcon_core.package_identification:_identify(src/rse_prob_robotics/rse_sensor_models) by extensions ['ignore', 'ignore_ament_install']
[0.137s] Level 1:colcon.colcon_core.package_identification:_identify(src/rse_prob_robotics/rse_sensor_models) by extension 'ignore'
[0.137s] Level 1:colcon.colcon_core.package_identification:_identify(src/rse_prob_robotics/rse_sensor_models) by extension 'ignore_ament_install'
[0.137s] Level 1:colcon.colcon_core.package_identification:_identify(src/rse_prob_robotics/rse_sensor_models) by extensions ['colcon_pkg']
[0.137s] Level 1:colcon.colcon_core.package_identification:_identify(src/rse_prob_robotics/rse_sensor_models) by extension 'colcon_pkg'
[0.137s] Level 1:colcon.colcon_core.package_identification:_identify(src/rse_prob_robotics/rse_sensor_models) by extensions ['colcon_meta']
[0.137s] Level 1:colcon.colcon_core.package_identification:_identify(src/rse_prob_robotics/rse_sensor_models) by extension 'colcon_meta'
[0.137s] Level 1:colcon.colcon_core.package_identification:_identify(src/rse_prob_robotics/rse_sensor_models) by extensions ['ros']
[0.138s] Level 1:colcon.colcon_core.package_identification:_identify(src/rse_prob_robotics/rse_sensor_models) by extension 'ros'
[0.138s] DEBUG:colcon.colcon_core.package_identification:Package 'src/rse_prob_robotics/rse_sensor_models' with type 'ros.ament_python' and name 'rse_sensor_models'
[0.138s] Level 1:colcon.colcon_core.package_discovery:discover_packages(recursive) using defaults
[0.138s] Level 1:colcon.colcon_core.package_discovery:discover_packages(ignore) discover
[0.138s] Level 1:colcon.colcon_core.package_discovery:discover_packages(ignore) using defaults
[0.138s] Level 1:colcon.colcon_core.package_discovery:discover_packages(path) discover
[0.138s] Level 1:colcon.colcon_core.package_discovery:discover_packages(path) using defaults
[0.153s] Level 1:colcon.colcon_core.package_discovery:discover_packages(prefix_path) check parameters
[0.153s] Level 1:colcon.colcon_core.package_discovery:discover_packages(prefix_path) discover
[0.154s] DEBUG:colcon.colcon_installed_package_information.package_discovery:Found 392 installed packages in /opt/ros/humble
[0.155s] Level 1:colcon.colcon_core.package_discovery:discover_packages(prefix_path) using defaults
[0.176s] Level 5:colcon.colcon_core.verb:set package 'rse_map_models' build argument 'cmake_args' from command line to 'None'
[0.176s] Level 5:colcon.colcon_core.verb:set package 'rse_map_models' build argument 'cmake_target' from command line to 'None'
[0.176s] Level 5:colcon.colcon_core.verb:set package 'rse_map_models' build argument 'cmake_target_skip_unavailable' from command line to 'False'
[0.176s] Level 5:colcon.colcon_core.verb:set package 'rse_map_models' build argument 'cmake_clean_cache' from command line to 'False'
[0.176s] Level 5:colcon.colcon_core.verb:set package 'rse_map_models' build argument 'cmake_clean_first' from command line to 'False'
[0.176s] Level 5:colcon.colcon_core.verb:set package 'rse_map_models' build argument 'cmake_force_configure' from command line to 'False'
[0.176s] Level 5:colcon.colcon_core.verb:set package 'rse_map_models' build argument 'ament_cmake_args' from command line to 'None'
[0.176s] Level 5:colcon.colcon_core.verb:set package 'rse_map_models' build argument 'catkin_cmake_args' from command line to 'None'
[0.176s] Level 5:colcon.colcon_core.verb:set package 'rse_map_models' build argument 'catkin_skip_building_tests' from command line to 'False'
[0.176s] DEBUG:colcon.colcon_core.verb:Building package 'rse_map_models' with the following arguments: {'ament_cmake_args': None, 'build_base': '/home/jjy/ros2_ws/build/rse_map_models', 'catkin_cmake_args': None, 'catkin_skip_building_tests': False, 'cmake_args': None, 'cmake_clean_cache': False, 'cmake_clean_first': False, 'cmake_force_configure': False, 'cmake_target': None, 'cmake_target_skip_unavailable': False, 'install_base': '/home/jjy/ros2_ws/install/rse_map_models', 'merge_install': False, 'path': '/home/jjy/ros2_ws/src/rse_prob_robotics/rse_map_models', 'symlink_install': False, 'test_result_base': None}
[0.176s] Level 5:colcon.colcon_core.verb:set package 'rse_motion_models' build argument 'cmake_args' from command line to 'None'
[0.176s] Level 5:colcon.colcon_core.verb:set package 'rse_motion_models' build argument 'cmake_target' from command line to 'None'
[0.176s] Level 5:colcon.colcon_core.verb:set package 'rse_motion_models' build argument 'cmake_target_skip_unavailable' from command line to 'False'
[0.176s] Level 5:colcon.colcon_core.verb:set package 'rse_motion_models' build argument 'cmake_clean_cache' from command line to 'False'
[0.176s] Level 5:colcon.colcon_core.verb:set package 'rse_motion_models' build argument 'cmake_clean_first' from command line to 'False'
[0.176s] Level 5:colcon.colcon_core.verb:set package 'rse_motion_models' build argument 'cmake_force_configure' from command line to 'False'
[0.176s] Level 5:colcon.colcon_core.verb:set package 'rse_motion_models' build argument 'ament_cmake_args' from command line to 'None'
[0.176s] Level 5:colcon.colcon_core.verb:set package 'rse_motion_models' build argument 'catkin_cmake_args' from command line to 'None'
[0.176s] Level 5:colcon.colcon_core.verb:set package 'rse_motion_models' build argument 'catkin_skip_building_tests' from command line to 'False'
[0.176s] DEBUG:colcon.colcon_core.verb:Building package 'rse_motion_models' with the following arguments: {'ament_cmake_args': None, 'build_base': '/home/jjy/ros2_ws/build/rse_motion_models', 'catkin_cmake_args': None, 'catkin_skip_building_tests': False, 'cmake_args': None, 'cmake_clean_cache': False, 'cmake_clean_first': False, 'cmake_force_configure': False, 'cmake_target': None, 'cmake_target_skip_unavailable': False, 'install_base': '/home/jjy/ros2_ws/install/rse_motion_models', 'merge_install': False, 'path': '/home/jjy/ros2_ws/src/rse_prob_robotics/rse_motion_models', 'symlink_install': False, 'test_result_base': None}
[0.177s] Level 5:colcon.colcon_core.verb:set package 'rse_nonparametric_filters' build argument 'cmake_args' from command line to 'None'
[0.177s] Level 5:colcon.colcon_core.verb:set package 'rse_nonparametric_filters' build argument 'cmake_target' from command line to 'None'
[0.177s] Level 5:colcon.colcon_core.verb:set package 'rse_nonparametric_filters' build argument 'cmake_target_skip_unavailable' from command line to 'False'
[0.177s] Level 5:colcon.colcon_core.verb:set package 'rse_nonparametric_filters' build argument 'cmake_clean_cache' from command line to 'False'
[0.177s] Level 5:colcon.colcon_core.verb:set package 'rse_nonparametric_filters' build argument 'cmake_clean_first' from command line to 'False'
[0.177s] Level 5:colcon.colcon_core.verb:set package 'rse_nonparametric_filters' build argument 'cmake_force_configure' from command line to 'False'
[0.177s] Level 5:colcon.colcon_core.verb:set package 'rse_nonparametric_filters' build argument 'ament_cmake_args' from command line to 'None'
[0.177s] Level 5:colcon.colcon_core.verb:set package 'rse_nonparametric_filters' build argument 'catkin_cmake_args' from command line to 'None'
[0.177s] Level 5:colcon.colcon_core.verb:set package 'rse_nonparametric_filters' build argument 'catkin_skip_building_tests' from command line to 'False'
[0.177s] DEBUG:colcon.colcon_core.verb:Building package 'rse_nonparametric_filters' with the following arguments: {'ament_cmake_args': None, 'build_base': '/home/jjy/ros2_ws/build/rse_nonparametric_filters', 'catkin_cmake_args': None, 'catkin_skip_building_tests': False, 'cmake_args': None, 'cmake_clean_cache': False, 'cmake_clean_first': False, 'cmake_force_configure': False, 'cmake_target': None, 'cmake_target_skip_unavailable': False, 'install_base': '/home/jjy/ros2_ws/install/rse_nonparametric_filters', 'merge_install': False, 'path': '/home/jjy/ros2_ws/src/rse_prob_robotics/rse_nonparametric_filters', 'symlink_install': False, 'test_result_base': None}
[0.177s] Level 5:colcon.colcon_core.verb:set package 'rse_observation_models' build argument 'cmake_args' from command line to 'None'
[0.177s] Level 5:colcon.colcon_core.verb:set package 'rse_observation_models' build argument 'cmake_target' from command line to 'None'
[0.177s] Level 5:colcon.colcon_core.verb:set package 'rse_observation_models' build argument 'cmake_target_skip_unavailable' from command line to 'False'
[0.177s] Level 5:colcon.colcon_core.verb:set package 'rse_observation_models' build argument 'cmake_clean_cache' from command line to 'False'
[0.177s] Level 5:colcon.colcon_core.verb:set package 'rse_observation_models' build argument 'cmake_clean_first' from command line to 'False'
[0.177s] Level 5:colcon.colcon_core.verb:set package 'rse_observation_models' build argument 'cmake_force_configure' from command line to 'False'
[0.177s] Level 5:colcon.colcon_core.verb:set package 'rse_observation_models' build argument 'ament_cmake_args' from command line to 'None'
[0.177s] Level 5:colcon.colcon_core.verb:set package 'rse_observation_models' build argument 'catkin_cmake_args' from command line to 'None'
[0.177s] Level 5:colcon.colcon_core.verb:set package 'rse_observation_models' build argument 'catkin_skip_building_tests' from command line to 'False'
[0.177s] DEBUG:colcon.colcon_core.verb:Building package 'rse_observation_models' with the following arguments: {'ament_cmake_args': None, 'build_base': '/home/jjy/ros2_ws/build/rse_observation_models', 'catkin_cmake_args': None, 'catkin_skip_building_tests': False, 'cmake_args': None, 'cmake_clean_cache': False, 'cmake_clean_first': False, 'cmake_force_configure': False, 'cmake_target': None, 'cmake_target_skip_unavailable': False, 'install_base': '/home/jjy/ros2_ws/install/rse_observation_models', 'merge_install': False, 'path': '/home/jjy/ros2_ws/src/rse_prob_robotics/rse_observation_models', 'symlink_install': False, 'test_result_base': None}
[0.177s] Level 5:colcon.colcon_core.verb:set package 'rse_occupancy_grid_mapping' build argument 'cmake_args' from command line to 'None'
[0.177s] Level 5:colcon.colcon_core.verb:set package 'rse_occupancy_grid_mapping' build argument 'cmake_target' from command line to 'None'
[0.177s] Level 5:colcon.colcon_core.verb:set package 'rse_occupancy_grid_mapping' build argument 'cmake_target_skip_unavailable' from command line to 'False'
[0.177s] Level 5:colcon.colcon_core.verb:set package 'rse_occupancy_grid_mapping' build argument 'cmake_clean_cache' from command line to 'False'
[0.177s] Level 5:colcon.colcon_core.verb:set package 'rse_occupancy_grid_mapping' build argument 'cmake_clean_first' from command line to 'False'
[0.177s] Level 5:colcon.colcon_core.verb:set package 'rse_occupancy_grid_mapping' build argument 'cmake_force_configure' from command line to 'False'
[0.177s] Level 5:colcon.colcon_core.verb:set package 'rse_occupancy_grid_mapping' build argument 'ament_cmake_args' from command line to 'None'
[0.177s] Level 5:colcon.colcon_core.verb:set package 'rse_occupancy_grid_mapping' build argument 'catkin_cmake_args' from command line to 'None'
[0.177s] Level 5:colcon.colcon_core.verb:set package 'rse_occupancy_grid_mapping' build argument 'catkin_skip_building_tests' from command line to 'False'
[0.177s] DEBUG:colcon.colcon_core.verb:Building package 'rse_occupancy_grid_mapping' with the following arguments: {'ament_cmake_args': None, 'build_base': '/home/jjy/ros2_ws/build/rse_occupancy_grid_mapping', 'catkin_cmake_args': None, 'catkin_skip_building_tests': False, 'cmake_args': None, 'cmake_clean_cache': False, 'cmake_clean_first': False, 'cmake_force_configure': False, 'cmake_target': None, 'cmake_target_skip_unavailable': False, 'install_base': '/home/jjy/ros2_ws/install/rse_occupancy_grid_mapping', 'merge_install': False, 'path': '/home/jjy/ros2_ws/src/rse_prob_robotics/rse_occupancy_grid_mapping', 'symlink_install': False, 'test_result_base': None}
[0.177s] Level 5:colcon.colcon_core.verb:set package 'rse_sensor_models' build argument 'cmake_args' from command line to 'None'
[0.177s] Level 5:colcon.colcon_core.verb:set package 'rse_sensor_models' build argument 'cmake_target' from command line to 'None'
[0.177s] Level 5:colcon.colcon_core.verb:set package 'rse_sensor_models' build argument 'cmake_target_skip_unavailable' from command line to 'False'
[0.177s] Level 5:colcon.colcon_core.verb:set package 'rse_sensor_models' build argument 'cmake_clean_cache' from command line to 'False'
[0.177s] Level 5:colcon.colcon_core.verb:set package 'rse_sensor_models' build argument 'cmake_clean_first' from command line to 'False'
[0.177s] Level 5:colcon.colcon_core.verb:set package 'rse_sensor_models' build argument 'cmake_force_configure' from command line to 'False'
[0.177s] Level 5:colcon.colcon_core.verb:set package 'rse_sensor_models' build argument 'ament_cmake_args' from command line to 'None'
[0.177s] Level 5:colcon.colcon_core.verb:set package 'rse_sensor_models' build argument 'catkin_cmake_args' from command line to 'None'
[0.177s] Level 5:colcon.colcon_core.verb:set package 'rse_sensor_models' build argument 'catkin_skip_building_tests' from command line to 'False'
[0.177s] DEBUG:colcon.colcon_core.verb:Building package 'rse_sensor_models' with the following arguments: {'ament_cmake_args': None, 'build_base': '/home/jjy/ros2_ws/build/rse_sensor_models', 'catkin_cmake_args': None, 'catkin_skip_building_tests': False, 'cmake_args': None, 'cmake_clean_cache': False, 'cmake_clean_first': False, 'cmake_force_configure': False, 'cmake_target': None, 'cmake_target_skip_unavailable': False, 'install_base': '/home/jjy/ros2_ws/install/rse_sensor_models', 'merge_install': False, 'path': '/home/jjy/ros2_ws/src/rse_prob_robotics/rse_sensor_models', 'symlink_install': False, 'test_result_base': None}
[0.178s] Level 5:colcon.colcon_core.verb:set package 'rse_common_utils' build argument 'cmake_args' from command line to 'None'
[0.178s] Level 5:colcon.colcon_core.verb:set package 'rse_common_utils' build argument 'cmake_target' from command line to 'None'
[0.178s] Level 5:colcon.colcon_core.verb:set package 'rse_common_utils' build argument 'cmake_target_skip_unavailable' from command line to 'False'
[0.178s] Level 5:colcon.colcon_core.verb:set package 'rse_common_utils' build argument 'cmake_clean_cache' from command line to 'False'
[0.178s] Level 5:colcon.colcon_core.verb:set package 'rse_common_utils' build argument 'cmake_clean_first' from command line to 'False'
[0.178s] Level 5:colcon.colcon_core.verb:set package 'rse_common_utils' build argument 'cmake_force_configure' from command line to 'False'
[0.178s] Level 5:colcon.colcon_core.verb:set package 'rse_common_utils' build argument 'ament_cmake_args' from command line to 'None'
[0.178s] Level 5:colcon.colcon_core.verb:set package 'rse_common_utils' build argument 'catkin_cmake_args' from command line to 'None'
[0.178s] Level 5:colcon.colcon_core.verb:set package 'rse_common_utils' build argument 'catkin_skip_building_tests' from command line to 'False'
[0.178s] DEBUG:colcon.colcon_core.verb:Building package 'rse_common_utils' with the following arguments: {'ament_cmake_args': None, 'build_base': '/home/jjy/ros2_ws/build/rse_common_utils', 'catkin_cmake_args': None, 'catkin_skip_building_tests': False, 'cmake_args': None, 'cmake_clean_cache': False, 'cmake_clean_first': False, 'cmake_force_configure': False, 'cmake_target': None, 'cmake_target_skip_unavailable': False, 'install_base': '/home/jjy/ros2_ws/install/rse_common_utils', 'merge_install': False, 'path': '/home/jjy/ros2_ws/src/rse_prob_robotics/rse_common_utils', 'symlink_install': False, 'test_result_base': None}
[0.178s] Level 5:colcon.colcon_core.verb:set package 'rse_gaussian_filters' build argument 'cmake_args' from command line to 'None'
[0.178s] Level 5:colcon.colcon_core.verb:set package 'rse_gaussian_filters' build argument 'cmake_target' from command line to 'None'
[0.178s] Level 5:colcon.colcon_core.verb:set package 'rse_gaussian_filters' build argument 'cmake_target_skip_unavailable' from command line to 'False'
[0.178s] Level 5:colcon.colcon_core.verb:set package 'rse_gaussian_filters' build argument 'cmake_clean_cache' from command line to 'False'
[0.178s] Level 5:colcon.colcon_core.verb:set package 'rse_gaussian_filters' build argument 'cmake_clean_first' from command line to 'False'
[0.178s] Level 5:colcon.colcon_core.verb:set package 'rse_gaussian_filters' build argument 'cmake_force_configure' from command line to 'False'
[0.178s] Level 5:colcon.colcon_core.verb:set package 'rse_gaussian_filters' build argument 'ament_cmake_args' from command line to 'None'
[0.178s] Level 5:colcon.colcon_core.verb:set package 'rse_gaussian_filters' build argument 'catkin_cmake_args' from command line to 'None'
[0.178s] Level 5:colcon.colcon_core.verb:set package 'rse_gaussian_filters' build argument 'catkin_skip_building_tests' from command line to 'False'
[0.178s] DEBUG:colcon.colcon_core.verb:Building package 'rse_gaussian_filters' with the following arguments: {'ament_cmake_args': None, 'build_base': '/home/jjy/ros2_ws/build/rse_gaussian_filters', 'catkin_cmake_args': None, 'catkin_skip_building_tests': False, 'cmake_args': None, 'cmake_clean_cache': False, 'cmake_clean_first': False, 'cmake_force_configure': False, 'cmake_target': None, 'cmake_target_skip_unavailable': False, 'install_base': '/home/jjy/ros2_ws/install/rse_gaussian_filters', 'merge_install': False, 'path': '/home/jjy/ros2_ws/src/rse_prob_robotics/rse_gaussian_filters', 'symlink_install': False, 'test_result_base': None}
[0.178s] Level 5:colcon.colcon_core.verb:set package 'rse_lidar_odometry' build argument 'cmake_args' from command line to 'None'
[0.178s] Level 5:colcon.colcon_core.verb:set package 'rse_lidar_odometry' build argument 'cmake_target' from command line to 'None'
[0.178s] Level 5:colcon.colcon_core.verb:set package 'rse_lidar_odometry' build argument 'cmake_target_skip_unavailable' from command line to 'False'
[0.178s] Level 5:colcon.colcon_core.verb:set package 'rse_lidar_odometry' build argument 'cmake_clean_cache' from command line to 'False'
[0.178s] Level 5:colcon.colcon_core.verb:set package 'rse_lidar_odometry' build argument 'cmake_clean_first' from command line to 'False'
[0.178s] Level 5:colcon.colcon_core.verb:set package 'rse_lidar_odometry' build argument 'cmake_force_configure' from command line to 'False'
[0.178s] Level 5:colcon.colcon_core.verb:set package 'rse_lidar_odometry' build argument 'ament_cmake_args' from command line to 'None'
[0.178s] Level 5:colcon.colcon_core.verb:set package 'rse_lidar_odometry' build argument 'catkin_cmake_args' from command line to 'None'
[0.178s] Level 5:colcon.colcon_core.verb:set package 'rse_lidar_odometry' build argument 'catkin_skip_building_tests' from command line to 'False'
[0.178s] DEBUG:colcon.colcon_core.verb:Building package 'rse_lidar_odometry' with the following arguments: {'ament_cmake_args': None, 'build_base': '/home/jjy/ros2_ws/build/rse_lidar_odometry', 'catkin_cmake_args': None, 'catkin_skip_building_tests': False, 'cmake_args': None, 'cmake_clean_cache': False, 'cmake_clean_first': False, 'cmake_force_configure': False, 'cmake_target': None, 'cmake_target_skip_unavailable': False, 'install_base': '/home/jjy/ros2_ws/install/rse_lidar_odometry', 'merge_install': False, 'path': '/home/jjy/ros2_ws/src/rse_prob_robotics/rse_lidar_odometry', 'symlink_install': False, 'test_result_base': None}
[0.178s] INFO:colcon.colcon_core.executor:Executing jobs using 'parallel' executor
[0.179s] DEBUG:colcon.colcon_parallel_executor.executor.parallel:run_until_complete
[0.179s] INFO:colcon.colcon_ros.task.ament_python.build:Building ROS package in '/home/jjy/ros2_ws/src/rse_prob_robotics/rse_motion_models' with build type 'ament_python'
[0.179s] Level 1:colcon.colcon_core.shell:create_environment_hook('rse_motion_models', 'ament_prefix_path')
[0.180s] INFO:colcon.colcon_core.plugin_system:Skipping extension 'colcon_core.shell.bat': Not used on non-Windows systems
[0.180s] INFO:colcon.colcon_core.shell:Creating environment hook '/home/jjy/ros2_ws/install/rse_motion_models/share/rse_motion_models/hook/ament_prefix_path.ps1'
[0.181s] INFO:colcon.colcon_core.shell:Creating environment descriptor '/home/jjy/ros2_ws/install/rse_motion_models/share/rse_motion_models/hook/ament_prefix_path.dsv'
[0.181s] INFO:colcon.colcon_core.shell:Creating environment hook '/home/jjy/ros2_ws/install/rse_motion_models/share/rse_motion_models/hook/ament_prefix_path.sh'
[0.181s] INFO:colcon.colcon_core.shell:Skip shell extension 'powershell' for command environment: Not usable outside of PowerShell
[0.181s] DEBUG:colcon.colcon_core.shell:Skip shell extension 'dsv' for command environment
[0.183s] INFO:colcon.colcon_ros.task.ament_python.build:Building ROS package in '/home/jjy/ros2_ws/src/rse_prob_robotics/rse_observation_models' with build type 'ament_python'
[0.183s] Level 1:colcon.colcon_core.shell:create_environment_hook('rse_observation_models', 'ament_prefix_path')
[0.183s] INFO:colcon.colcon_core.shell:Creating environment hook '/home/jjy/ros2_ws/install/rse_observation_models/share/rse_observation_models/hook/ament_prefix_path.ps1'
[0.183s] INFO:colcon.colcon_core.shell:Creating environment descriptor '/home/jjy/ros2_ws/install/rse_observation_models/share/rse_observation_models/hook/ament_prefix_path.dsv'
[0.183s] INFO:colcon.colcon_core.shell:Creating environment hook '/home/jjy/ros2_ws/install/rse_observation_models/share/rse_observation_models/hook/ament_prefix_path.sh'
[0.184s] INFO:colcon.colcon_core.shell:Skip shell extension 'powershell' for command environment: Not usable outside of PowerShell
[0.184s] DEBUG:colcon.colcon_core.shell:Skip shell extension 'dsv' for command environment
[0.185s] INFO:colcon.colcon_ros.task.ament_python.build:Building ROS package in '/home/jjy/ros2_ws/src/rse_prob_robotics/rse_map_models' with build type 'ament_python'
[0.185s] Level 1:colcon.colcon_core.shell:create_environment_hook('rse_map_models', 'ament_prefix_path')
[0.185s] INFO:colcon.colcon_core.shell:Creating environment hook '/home/jjy/ros2_ws/install/rse_map_models/share/rse_map_models/hook/ament_prefix_path.ps1'
[0.185s] INFO:colcon.colcon_core.shell:Creating environment descriptor '/home/jjy/ros2_ws/install/rse_map_models/share/rse_map_models/hook/ament_prefix_path.dsv'
[0.186s] INFO:colcon.colcon_core.shell:Creating environment hook '/home/jjy/ros2_ws/install/rse_map_models/share/rse_map_models/hook/ament_prefix_path.sh'
[0.186s] INFO:colcon.colcon_core.shell:Skip shell extension 'powershell' for command environment: Not usable outside of PowerShell
[0.186s] DEBUG:colcon.colcon_core.shell:Skip shell extension 'dsv' for command environment
[0.187s] INFO:colcon.colcon_ros.task.ament_python.build:Building ROS package in '/home/jjy/ros2_ws/src/rse_prob_robotics/rse_nonparametric_filters' with build type 'ament_python'
[0.187s] Level 1:colcon.colcon_core.shell:create_environment_hook('rse_nonparametric_filters', 'ament_prefix_path')
[0.187s] INFO:colcon.colcon_core.shell:Creating environment hook '/home/jjy/ros2_ws/install/rse_nonparametric_filters/share/rse_nonparametric_filters/hook/ament_prefix_path.ps1'
[0.188s] INFO:colcon.colcon_core.shell:Creating environment descriptor '/home/jjy/ros2_ws/install/rse_nonparametric_filters/share/rse_nonparametric_filters/hook/ament_prefix_path.dsv'
[0.188s] INFO:colcon.colcon_core.shell:Creating environment hook '/home/jjy/ros2_ws/install/rse_nonparametric_filters/share/rse_nonparametric_filters/hook/ament_prefix_path.sh'
[0.188s] INFO:colcon.colcon_core.shell:Skip shell extension 'powershell' for command environment: Not usable outside of PowerShell
[0.188s] DEBUG:colcon.colcon_core.shell:Skip shell extension 'dsv' for command environment
[0.189s] INFO:colcon.colcon_ros.task.ament_python.build:Building ROS package in '/home/jjy/ros2_ws/src/rse_prob_robotics/rse_occupancy_grid_mapping' with build type 'ament_python'
[0.190s] Level 1:colcon.colcon_core.shell:create_environment_hook('rse_occupancy_grid_mapping', 'ament_prefix_path')
[0.190s] INFO:colcon.colcon_core.shell:Creating environment hook '/home/jjy/ros2_ws/install/rse_occupancy_grid_mapping/share/rse_occupancy_grid_mapping/hook/ament_prefix_path.ps1'
[0.190s] INFO:colcon.colcon_core.shell:Creating environment descriptor '/home/jjy/ros2_ws/install/rse_occupancy_grid_mapping/share/rse_occupancy_grid_mapping/hook/ament_prefix_path.dsv'
[0.190s] INFO:colcon.colcon_core.shell:Creating environment hook '/home/jjy/ros2_ws/install/rse_occupancy_grid_mapping/share/rse_occupancy_grid_mapping/hook/ament_prefix_path.sh'
[0.190s] INFO:colcon.colcon_core.shell:Skip shell extension 'powershell' for command environment: Not usable outside of PowerShell
[0.190s] DEBUG:colcon.colcon_core.shell:Skip shell extension 'dsv' for command environment
[0.192s] INFO:colcon.colcon_ros.task.ament_python.build:Building ROS package in '/home/jjy/ros2_ws/src/rse_prob_robotics/rse_sensor_models' with build type 'ament_python'
[0.192s] Level 1:colcon.colcon_core.shell:create_environment_hook('rse_sensor_models', 'ament_prefix_path')
[0.192s] INFO:colcon.colcon_core.shell:Creating environment hook '/home/jjy/ros2_ws/install/rse_sensor_models/share/rse_sensor_models/hook/ament_prefix_path.ps1'
[0.192s] INFO:colcon.colcon_core.shell:Creating environment descriptor '/home/jjy/ros2_ws/install/rse_sensor_models/share/rse_sensor_models/hook/ament_prefix_path.dsv'
[0.192s] INFO:colcon.colcon_core.shell:Creating environment hook '/home/jjy/ros2_ws/install/rse_sensor_models/share/rse_sensor_models/hook/ament_prefix_path.sh'
[0.193s] INFO:colcon.colcon_core.shell:Skip shell extension 'powershell' for command environment: Not usable outside of PowerShell
[0.193s] DEBUG:colcon.colcon_core.shell:Skip shell extension 'dsv' for command environment
[0.313s] INFO:colcon.colcon_core.task.python.build:Building Python package in '/home/jjy/ros2_ws/src/rse_prob_robotics/rse_motion_models'
[0.313s] INFO:colcon.colcon_core.shell:Skip shell extension 'powershell' for command environment: Not usable outside of PowerShell
[0.313s] DEBUG:colcon.colcon_core.shell:Skip shell extension 'dsv' for command environment
[0.435s] INFO:colcon.colcon_core.task.python.build:Building Python package in '/home/jjy/ros2_ws/src/rse_prob_robotics/rse_observation_models'
[0.436s] INFO:colcon.colcon_core.shell:Skip shell extension 'powershell' for command environment: Not usable outside of PowerShell
[0.436s] DEBUG:colcon.colcon_core.shell:Skip shell extension 'dsv' for command environment
[0.564s] INFO:colcon.colcon_core.task.python.build:Building Python package in '/home/jjy/ros2_ws/src/rse_prob_robotics/rse_map_models'
[0.564s] INFO:colcon.colcon_core.shell:Skip shell extension 'powershell' for command environment: Not usable outside of PowerShell
[0.564s] DEBUG:colcon.colcon_core.shell:Skip shell extension 'dsv' for command environment
[0.699s] INFO:colcon.colcon_core.task.python.build:Building Python package in '/home/jjy/ros2_ws/src/rse_prob_robotics/rse_nonparametric_filters'
[0.699s] INFO:colcon.colcon_core.shell:Skip shell extension 'powershell' for command environment: Not usable outside of PowerShell
[0.699s] DEBUG:colcon.colcon_core.shell:Skip shell extension 'dsv' for command environment
[0.833s] INFO:colcon.colcon_core.task.python.build:Building Python package in '/home/jjy/ros2_ws/src/rse_prob_robotics/rse_occupancy_grid_mapping'
[0.833s] INFO:colcon.colcon_core.shell:Skip shell extension 'powershell' for command environment: Not usable outside of PowerShell
[0.833s] DEBUG:colcon.colcon_core.shell:Skip shell extension 'dsv' for command environment
[0.956s] INFO:colcon.colcon_core.task.python.build:Building Python package in '/home/jjy/ros2_ws/src/rse_prob_robotics/rse_sensor_models'
[0.956s] INFO:colcon.colcon_core.shell:Skip shell extension 'powershell' for command environment: Not usable outside of PowerShell
[0.956s] DEBUG:colcon.colcon_core.shell:Skip shell extension 'dsv' for command environment
[1.141s] DEBUG:colcon.colcon_core.event_handler.log_command:Invoking command in '/home/jjy/ros2_ws/build/rse_observation_models': PYTHONPATH=/home/jjy/ros2_ws/build/rse_observation_models/prefix_override:/usr/lib/python3/dist-packages/colcon_core/task/python/colcon_distutils_commands:/home/jjy/ros2_ws/install/rse_observation_models/lib/python3.10/site-packages:${PYTHONPATH} /usr/bin/python3 -W ignore:setup.py install is deprecated -W ignore:easy_install command is deprecated setup.py develop --uninstall --editable --build-directory /home/jjy/ros2_ws/build/rse_observation_models/build
[1.144s] DEBUG:colcon.colcon_core.event_handler.log_command:Invoking command in '/home/jjy/ros2_ws/build/rse_map_models': PYTHONPATH=/home/jjy/ros2_ws/build/rse_map_models/prefix_override:/usr/lib/python3/dist-packages/colcon_core/task/python/colcon_distutils_commands:/home/jjy/ros2_ws/install/rse_map_models/lib/python3.10/site-packages:${PYTHONPATH} /usr/bin/python3 -W ignore:setup.py install is deprecated -W ignore:easy_install command is deprecated setup.py develop --uninstall --editable --build-directory /home/jjy/ros2_ws/build/rse_map_models/build
[1.144s] DEBUG:colcon.colcon_core.event_handler.log_command:Invoking command in '/home/jjy/ros2_ws/build/rse_nonparametric_filters': PYTHONPATH=/home/jjy/ros2_ws/build/rse_nonparametric_filters/prefix_override:/usr/lib/python3/dist-packages/colcon_core/task/python/colcon_distutils_commands:/home/jjy/ros2_ws/install/rse_nonparametric_filters/lib/python3.10/site-packages:${PYTHONPATH} /usr/bin/python3 -W ignore:setup.py install is deprecated -W ignore:easy_install command is deprecated setup.py develop --uninstall --editable --build-directory /home/jjy/ros2_ws/build/rse_nonparametric_filters/build
[1.157s] DEBUG:colcon.colcon_core.event_handler.log_command:Invoking command in '/home/jjy/ros2_ws/build/rse_occupancy_grid_mapping': PYTHONPATH=/home/jjy/ros2_ws/build/rse_occupancy_grid_mapping/prefix_override:/usr/lib/python3/dist-packages/colcon_core/task/python/colcon_distutils_commands:/home/jjy/ros2_ws/install/rse_occupancy_grid_mapping/lib/python3.10/site-packages:${PYTHONPATH} /usr/bin/python3 -W ignore:setup.py install is deprecated -W ignore:easy_install command is deprecated setup.py develop --uninstall --editable --build-directory /home/jjy/ros2_ws/build/rse_occupancy_grid_mapping/build
[1.164s] DEBUG:colcon.colcon_core.event_handler.log_command:Invoking command in '/home/jjy/ros2_ws/build/rse_motion_models': PYTHONPATH=/home/jjy/ros2_ws/build/rse_motion_models/prefix_override:/usr/lib/python3/dist-packages/colcon_core/task/python/colcon_distutils_commands:/home/jjy/ros2_ws/install/rse_motion_models/lib/python3.10/site-packages:${PYTHONPATH} /usr/bin/python3 -W ignore:setup.py install is deprecated -W ignore:easy_install command is deprecated setup.py develop --uninstall --editable --build-directory /home/jjy/ros2_ws/build/rse_motion_models/build
[1.167s] DEBUG:colcon.colcon_core.event_handler.log_command:Invoking command in '/home/jjy/ros2_ws/build/rse_sensor_models': PYTHONPATH=/home/jjy/ros2_ws/build/rse_sensor_models/prefix_override:/usr/lib/python3/dist-packages/colcon_core/task/python/colcon_distutils_commands:/home/jjy/ros2_ws/install/rse_sensor_models/lib/python3.10/site-packages:${PYTHONPATH} /usr/bin/python3 -W ignore:setup.py install is deprecated -W ignore:easy_install command is deprecated setup.py develop --uninstall --editable --build-directory /home/jjy/ros2_ws/build/rse_sensor_models/build
[1.360s] DEBUG:colcon.colcon_core.event_handler.log_command:Invoked command in '/home/jjy/ros2_ws/build/rse_nonparametric_filters' returned '0': PYTHONPATH=/home/jjy/ros2_ws/build/rse_nonparametric_filters/prefix_override:/usr/lib/python3/dist-packages/colcon_core/task/python/colcon_distutils_commands:/home/jjy/ros2_ws/install/rse_nonparametric_filters/lib/python3.10/site-packages:${PYTHONPATH} /usr/bin/python3 -W ignore:setup.py install is deprecated -W ignore:easy_install command is deprecated setup.py develop --uninstall --editable --build-directory /home/jjy/ros2_ws/build/rse_nonparametric_filters/build
[1.361s] DEBUG:colcon.colcon_core.event_handler.log_command:Invoking command in '/home/jjy/ros2_ws/src/rse_prob_robotics/rse_nonparametric_filters': PYTHONPATH=/home/jjy/ros2_ws/build/rse_nonparametric_filters/prefix_override:/usr/lib/python3/dist-packages/colcon_core/task/python/colcon_distutils_commands:/home/jjy/ros2_ws/install/rse_nonparametric_filters/lib/python3.10/site-packages:${PYTHONPATH} /usr/bin/python3 -W ignore:setup.py install is deprecated -W ignore:easy_install command is deprecated setup.py egg_info --egg-base ../../../build/rse_nonparametric_filters build --build-base /home/jjy/ros2_ws/build/rse_nonparametric_filters/build install --record /home/jjy/ros2_ws/build/rse_nonparametric_filters/install.log --single-version-externally-managed install_data --force
[1.371s] DEBUG:colcon.colcon_core.event_handler.log_command:Invoked command in '/home/jjy/ros2_ws/build/rse_occupancy_grid_mapping' returned '0': PYTHONPATH=/home/jjy/ros2_ws/build/rse_occupancy_grid_mapping/prefix_override:/usr/lib/python3/dist-packages/colcon_core/task/python/colcon_distutils_commands:/home/jjy/ros2_ws/install/rse_occupancy_grid_mapping/lib/python3.10/site-packages:${PYTHONPATH} /usr/bin/python3 -W ignore:setup.py install is deprecated -W ignore:easy_install command is deprecated setup.py develop --uninstall --editable --build-directory /home/jjy/ros2_ws/build/rse_occupancy_grid_mapping/build
[1.372s] DEBUG:colcon.colcon_core.event_handler.log_command:Invoking command in '/home/jjy/ros2_ws/src/rse_prob_robotics/rse_occupancy_grid_mapping': PYTHONPATH=/home/jjy/ros2_ws/build/rse_occupancy_grid_mapping/prefix_override:/usr/lib/python3/dist-packages/colcon_core/task/python/colcon_distutils_commands:/home/jjy/ros2_ws/install/rse_occupancy_grid_mapping/lib/python3.10/site-packages:${PYTHONPATH} /usr/bin/python3 -W ignore:setup.py install is deprecated -W ignore:easy_install command is deprecated setup.py egg_info --egg-base ../../../build/rse_occupancy_grid_mapping build --build-base /home/jjy/ros2_ws/build/rse_occupancy_grid_mapping/build install --record /home/jjy/ros2_ws/build/rse_occupancy_grid_mapping/install.log --single-version-externally-managed install_data --force
[1.382s] DEBUG:colcon.colcon_core.event_handler.log_command:Invoked command in '/home/jjy/ros2_ws/build/rse_sensor_models' returned '0': PYTHONPATH=/home/jjy/ros2_ws/build/rse_sensor_models/prefix_override:/usr/lib/python3/dist-packages/colcon_core/task/python/colcon_distutils_commands:/home/jjy/ros2_ws/install/rse_sensor_models/lib/python3.10/site-packages:${PYTHONPATH} /usr/bin/python3 -W ignore:setup.py install is deprecated -W ignore:easy_install command is deprecated setup.py develop --uninstall --editable --build-directory /home/jjy/ros2_ws/build/rse_sensor_models/build
[1.384s] DEBUG:colcon.colcon_core.event_handler.log_command:Invoking command in '/home/jjy/ros2_ws/src/rse_prob_robotics/rse_sensor_models': PYTHONPATH=/home/jjy/ros2_ws/build/rse_sensor_models/prefix_override:/usr/lib/python3/dist-packages/colcon_core/task/python/colcon_distutils_commands:/home/jjy/ros2_ws/install/rse_sensor_models/lib/python3.10/site-packages:${PYTHONPATH} /usr/bin/python3 -W ignore:setup.py install is deprecated -W ignore:easy_install command is deprecated setup.py egg_info --egg-base ../../../build/rse_sensor_models build --build-base /home/jjy/ros2_ws/build/rse_sensor_models/build install --record /home/jjy/ros2_ws/build/rse_sensor_models/install.log --single-version-externally-managed install_data --force
[1.398s] DEBUG:colcon.colcon_core.event_handler.log_command:Invoked command in '/home/jjy/ros2_ws/build/rse_motion_models' returned '0': PYTHONPATH=/home/jjy/ros2_ws/build/rse_motion_models/prefix_override:/usr/lib/python3/dist-packages/colcon_core/task/python/colcon_distutils_commands:/home/jjy/ros2_ws/install/rse_motion_models/lib/python3.10/site-packages:${PYTHONPATH} /usr/bin/python3 -W ignore:setup.py install is deprecated -W ignore:easy_install command is deprecated setup.py develop --uninstall --editable --build-directory /home/jjy/ros2_ws/build/rse_motion_models/build
[1.399s] DEBUG:colcon.colcon_core.event_handler.log_command:Invoking command in '/home/jjy/ros2_ws/src/rse_prob_robotics/rse_motion_models': PYTHONPATH=/home/jjy/ros2_ws/build/rse_motion_models/prefix_override:/usr/lib/python3/dist-packages/colcon_core/task/python/colcon_distutils_commands:/home/jjy/ros2_ws/install/rse_motion_models/lib/python3.10/site-packages:${PYTHONPATH} /usr/bin/python3 -W ignore:setup.py install is deprecated -W ignore:easy_install command is deprecated setup.py egg_info --egg-base ../../../build/rse_motion_models build --build-base /home/jjy/ros2_ws/build/rse_motion_models/build install --record /home/jjy/ros2_ws/build/rse_motion_models/install.log --single-version-externally-managed install_data --force
[1.401s] DEBUG:colcon.colcon_core.event_handler.log_command:Invoked command in '/home/jjy/ros2_ws/build/rse_observation_models' returned '0': PYTHONPATH=/home/jjy/ros2_ws/build/rse_observation_models/prefix_override:/usr/lib/python3/dist-packages/colcon_core/task/python/colcon_distutils_commands:/home/jjy/ros2_ws/install/rse_observation_models/lib/python3.10/site-packages:${PYTHONPATH} /usr/bin/python3 -W ignore:setup.py install is deprecated -W ignore:easy_install command is deprecated setup.py develop --uninstall --editable --build-directory /home/jjy/ros2_ws/build/rse_observation_models/build
[1.402s] DEBUG:colcon.colcon_core.event_handler.log_command:Invoking command in '/home/jjy/ros2_ws/src/rse_prob_robotics/rse_observation_models': PYTHONPATH=/home/jjy/ros2_ws/build/rse_observation_models/prefix_override:/usr/lib/python3/dist-packages/colcon_core/task/python/colcon_distutils_commands:/home/jjy/ros2_ws/install/rse_observation_models/lib/python3.10/site-packages:${PYTHONPATH} /usr/bin/python3 -W ignore:setup.py install is deprecated -W ignore:easy_install command is deprecated setup.py egg_info --egg-base ../../../build/rse_observation_models build --build-base /home/jjy/ros2_ws/build/rse_observation_models/build install --record /home/jjy/ros2_ws/build/rse_observation_models/install.log --single-version-externally-managed install_data --force
[1.417s] DEBUG:colcon.colcon_core.event_handler.log_command:Invoked command in '/home/jjy/ros2_ws/build/rse_map_models' returned '0': PYTHONPATH=/home/jjy/ros2_ws/build/rse_map_models/prefix_override:/usr/lib/python3/dist-packages/colcon_core/task/python/colcon_distutils_commands:/home/jjy/ros2_ws/install/rse_map_models/lib/python3.10/site-packages:${PYTHONPATH} /usr/bin/python3 -W ignore:setup.py install is deprecated -W ignore:easy_install command is deprecated setup.py develop --uninstall --editable --build-directory /home/jjy/ros2_ws/build/rse_map_models/build
[1.418s] DEBUG:colcon.colcon_core.event_handler.log_command:Invoking command in '/home/jjy/ros2_ws/src/rse_prob_robotics/rse_map_models': PYTHONPATH=/home/jjy/ros2_ws/build/rse_map_models/prefix_override:/usr/lib/python3/dist-packages/colcon_core/task/python/colcon_distutils_commands:/home/jjy/ros2_ws/install/rse_map_models/lib/python3.10/site-packages:${PYTHONPATH} /usr/bin/python3 -W ignore:setup.py install is deprecated -W ignore:easy_install command is deprecated setup.py egg_info --egg-base ../../../build/rse_map_models build --build-base /home/jjy/ros2_ws/build/rse_map_models/build install --record /home/jjy/ros2_ws/build/rse_map_models/install.log --single-version-externally-managed install_data --force
[1.515s] DEBUG:colcon.colcon_core.event_handler.log_command:Invoked command in '/home/jjy/ros2_ws/src/rse_prob_robotics/rse_nonparametric_filters' returned '0': PYTHONPATH=/home/jjy/ros2_ws/build/rse_nonparametric_filters/prefix_override:/usr/lib/python3/dist-packages/colcon_core/task/python/colcon_distutils_commands:/home/jjy/ros2_ws/install/rse_nonparametric_filters/lib/python3.10/site-packages:${PYTHONPATH} /usr/bin/python3 -W ignore:setup.py install is deprecated -W ignore:easy_install command is deprecated setup.py egg_info --egg-base ../../../build/rse_nonparametric_filters build --build-base /home/jjy/ros2_ws/build/rse_nonparametric_filters/build install --record /home/jjy/ros2_ws/build/rse_nonparametric_filters/install.log --single-version-externally-managed install_data --force
[1.516s] Level 1:colcon.colcon_core.environment:checking '/home/jjy/ros2_ws/install/rse_nonparametric_filters' for CMake module files
[1.516s] Level 1:colcon.colcon_core.environment:checking '/home/jjy/ros2_ws/install/rse_nonparametric_filters' for CMake config files
[1.517s] Level 1:colcon.colcon_core.environment:checking '/home/jjy/ros2_ws/install/rse_nonparametric_filters/lib'
[1.517s] Level 1:colcon.colcon_core.environment:checking '/home/jjy/ros2_ws/install/rse_nonparametric_filters/bin'
[1.517s] Level 1:colcon.colcon_core.environment:checking '/home/jjy/ros2_ws/install/rse_nonparametric_filters/lib/pkgconfig/rse_nonparametric_filters.pc'
[1.517s] Level 1:colcon.colcon_core.environment:checking '/home/jjy/ros2_ws/install/rse_nonparametric_filters/lib/python3.10/site-packages'
[1.517s] Level 1:colcon.colcon_core.shell:create_environment_hook('rse_nonparametric_filters', 'pythonpath')
[1.517s] INFO:colcon.colcon_core.shell:Creating environment hook '/home/jjy/ros2_ws/install/rse_nonparametric_filters/share/rse_nonparametric_filters/hook/pythonpath.ps1'
[1.517s] INFO:colcon.colcon_core.shell:Creating environment descriptor '/home/jjy/ros2_ws/install/rse_nonparametric_filters/share/rse_nonparametric_filters/hook/pythonpath.dsv'
[1.518s] INFO:colcon.colcon_core.shell:Creating environment hook '/home/jjy/ros2_ws/install/rse_nonparametric_filters/share/rse_nonparametric_filters/hook/pythonpath.sh'
[1.518s] Level 1:colcon.colcon_core.environment:checking '/home/jjy/ros2_ws/install/rse_nonparametric_filters/bin'
[1.518s] Level 1:colcon.colcon_core.environment:create_environment_scripts_only(rse_nonparametric_filters)
[1.518s] INFO:colcon.colcon_core.shell:Creating package script '/home/jjy/ros2_ws/install/rse_nonparametric_filters/share/rse_nonparametric_filters/package.ps1'
[1.521s] INFO:colcon.colcon_core.shell:Creating package descriptor '/home/jjy/ros2_ws/install/rse_nonparametric_filters/share/rse_nonparametric_filters/package.dsv'
[1.521s] INFO:colcon.colcon_core.shell:Creating package script '/home/jjy/ros2_ws/install/rse_nonparametric_filters/share/rse_nonparametric_filters/package.sh'
[1.522s] INFO:colcon.colcon_core.shell:Creating package script '/home/jjy/ros2_ws/install/rse_nonparametric_filters/share/rse_nonparametric_filters/package.bash'
[1.522s] INFO:colcon.colcon_core.shell:Creating package script '/home/jjy/ros2_ws/install/rse_nonparametric_filters/share/rse_nonparametric_filters/package.zsh'
[1.522s] Level 1:colcon.colcon_core.environment:create_file_with_runtime_dependencies(/home/jjy/ros2_ws/install/rse_nonparametric_filters/share/colcon-core/packages/rse_nonparametric_filters)
[1.549s] Level 1:colcon.colcon_core.environment:checking '/home/jjy/ros2_ws/install/rse_sensor_models' for CMake module files
[1.549s] DEBUG:colcon.colcon_core.event_handler.log_command:Invoked command in '/home/jjy/ros2_ws/src/rse_prob_robotics/rse_sensor_models' returned '0': PYTHONPATH=/home/jjy/ros2_ws/build/rse_sensor_models/prefix_override:/usr/lib/python3/dist-packages/colcon_core/task/python/colcon_distutils_commands:/home/jjy/ros2_ws/install/rse_sensor_models/lib/python3.10/site-packages:${PYTHONPATH} /usr/bin/python3 -W ignore:setup.py install is deprecated -W ignore:easy_install command is deprecated setup.py egg_info --egg-base ../../../build/rse_sensor_models build --build-base /home/jjy/ros2_ws/build/rse_sensor_models/build install --record /home/jjy/ros2_ws/build/rse_sensor_models/install.log --single-version-externally-managed install_data --force
[1.549s] Level 1:colcon.colcon_core.environment:checking '/home/jjy/ros2_ws/install/rse_sensor_models' for CMake config files
[1.550s] Level 1:colcon.colcon_core.environment:checking '/home/jjy/ros2_ws/install/rse_sensor_models/lib'
[1.550s] Level 1:colcon.colcon_core.environment:checking '/home/jjy/ros2_ws/install/rse_sensor_models/bin'
[1.550s] Level 1:colcon.colcon_core.environment:checking '/home/jjy/ros2_ws/install/rse_sensor_models/lib/pkgconfig/rse_sensor_models.pc'
[1.550s] Level 1:colcon.colcon_core.environment:checking '/home/jjy/ros2_ws/install/rse_sensor_models/lib/python3.10/site-packages'
[1.550s] Level 1:colcon.colcon_core.shell:create_environment_hook('rse_sensor_models', 'pythonpath')
[1.551s] INFO:colcon.colcon_core.shell:Creating environment hook '/home/jjy/ros2_ws/install/rse_sensor_models/share/rse_sensor_models/hook/pythonpath.ps1'
[1.551s] INFO:colcon.colcon_core.shell:Creating environment descriptor '/home/jjy/ros2_ws/install/rse_sensor_models/share/rse_sensor_models/hook/pythonpath.dsv'
[1.551s] INFO:colcon.colcon_core.shell:Creating environment hook '/home/jjy/ros2_ws/install/rse_sensor_models/share/rse_sensor_models/hook/pythonpath.sh'
[1.552s] Level 1:colcon.colcon_core.environment:checking '/home/jjy/ros2_ws/install/rse_sensor_models/bin'
[1.552s] Level 1:colcon.colcon_core.environment:create_environment_scripts_only(rse_sensor_models)
[1.552s] INFO:colcon.colcon_core.shell:Creating package script '/home/jjy/ros2_ws/install/rse_sensor_models/share/rse_sensor_models/package.ps1'
[1.553s] INFO:colcon.colcon_core.shell:Creating package descriptor '/home/jjy/ros2_ws/install/rse_sensor_models/share/rse_sensor_models/package.dsv'
[1.553s] INFO:colcon.colcon_core.shell:Creating package script '/home/jjy/ros2_ws/install/rse_sensor_models/share/rse_sensor_models/package.sh'
[1.553s] INFO:colcon.colcon_core.shell:Creating package script '/home/jjy/ros2_ws/install/rse_sensor_models/share/rse_sensor_models/package.bash'
[1.554s] INFO:colcon.colcon_core.shell:Creating package script '/home/jjy/ros2_ws/install/rse_sensor_models/share/rse_sensor_models/package.zsh'
[1.554s] Level 1:colcon.colcon_core.environment:create_file_with_runtime_dependencies(/home/jjy/ros2_ws/install/rse_sensor_models/share/colcon-core/packages/rse_sensor_models)
[1.554s] Level 1:colcon.colcon_core.environment:checking '/home/jjy/ros2_ws/install/rse_motion_models' for CMake module files
[1.555s] Level 1:colcon.colcon_core.environment:checking '/home/jjy/ros2_ws/install/rse_motion_models' for CMake config files
[1.555s] DEBUG:colcon.colcon_core.event_handler.log_command:Invoked command in '/home/jjy/ros2_ws/src/rse_prob_robotics/rse_motion_models' returned '0': PYTHONPATH=/home/jjy/ros2_ws/build/rse_motion_models/prefix_override:/usr/lib/python3/dist-packages/colcon_core/task/python/colcon_distutils_commands:/home/jjy/ros2_ws/install/rse_motion_models/lib/python3.10/site-packages:${PYTHONPATH} /usr/bin/python3 -W ignore:setup.py install is deprecated -W ignore:easy_install command is deprecated setup.py egg_info --egg-base ../../../build/rse_motion_models build --build-base /home/jjy/ros2_ws/build/rse_motion_models/build install --record /home/jjy/ros2_ws/build/rse_motion_models/install.log --single-version-externally-managed install_data --force
[1.555s] Level 1:colcon.colcon_core.environment:checking '/home/jjy/ros2_ws/install/rse_motion_models/lib'
[1.555s] Level 1:colcon.colcon_core.environment:checking '/home/jjy/ros2_ws/install/rse_motion_models/bin'
[1.556s] Level 1:colcon.colcon_core.environment:checking '/home/jjy/ros2_ws/install/rse_motion_models/lib/pkgconfig/rse_motion_models.pc'
[1.556s] Level 1:colcon.colcon_core.environment:checking '/home/jjy/ros2_ws/install/rse_motion_models/lib/python3.10/site-packages'
[1.556s] Level 1:colcon.colcon_core.shell:create_environment_hook('rse_motion_models', 'pythonpath')
[1.556s] INFO:colcon.colcon_core.shell:Creating environment hook '/home/jjy/ros2_ws/install/rse_motion_models/share/rse_motion_models/hook/pythonpath.ps1'
[1.556s] INFO:colcon.colcon_core.shell:Creating environment descriptor '/home/jjy/ros2_ws/install/rse_motion_models/share/rse_motion_models/hook/pythonpath.dsv'
[1.556s] INFO:colcon.colcon_core.shell:Creating environment hook '/home/jjy/ros2_ws/install/rse_motion_models/share/rse_motion_models/hook/pythonpath.sh'
[1.557s] Level 1:colcon.colcon_core.environment:checking '/home/jjy/ros2_ws/install/rse_motion_models/bin'
[1.557s] Level 1:colcon.colcon_core.environment:create_environment_scripts_only(rse_motion_models)
[1.557s] INFO:colcon.colcon_core.shell:Creating package script '/home/jjy/ros2_ws/install/rse_motion_models/share/rse_motion_models/package.ps1'
[1.557s] INFO:colcon.colcon_core.shell:Creating package descriptor '/home/jjy/ros2_ws/install/rse_motion_models/share/rse_motion_models/package.dsv'
[1.557s] INFO:colcon.colcon_core.shell:Creating package script '/home/jjy/ros2_ws/install/rse_motion_models/share/rse_motion_models/package.sh'
[1.557s] INFO:colcon.colcon_core.shell:Creating package script '/home/jjy/ros2_ws/install/rse_motion_models/share/rse_motion_models/package.bash'
[1.558s] INFO:colcon.colcon_core.shell:Creating package script '/home/jjy/ros2_ws/install/rse_motion_models/share/rse_motion_models/package.zsh'
[1.558s] Level 1:colcon.colcon_core.environment:create_file_with_runtime_dependencies(/home/jjy/ros2_ws/install/rse_motion_models/share/colcon-core/packages/rse_motion_models)
[1.559s] Level 1:colcon.colcon_core.environment:checking '/home/jjy/ros2_ws/install/rse_observation_models' for CMake module files
[1.559s] DEBUG:colcon.colcon_core.event_handler.log_command:Invoked command in '/home/jjy/ros2_ws/src/rse_prob_robotics/rse_observation_models' returned '0': PYTHONPATH=/home/jjy/ros2_ws/build/rse_observation_models/prefix_override:/usr/lib/python3/dist-packages/colcon_core/task/python/colcon_distutils_commands:/home/jjy/ros2_ws/install/rse_observation_models/lib/python3.10/site-packages:${PYTHONPATH} /usr/bin/python3 -W ignore:setup.py install is deprecated -W ignore:easy_install command is deprecated setup.py egg_info --egg-base ../../../build/rse_observation_models build --build-base /home/jjy/ros2_ws/build/rse_observation_models/build install --record /home/jjy/ros2_ws/build/rse_observation_models/install.log --single-version-externally-managed install_data --force
[1.559s] Level 1:colcon.colcon_core.environment:checking '/home/jjy/ros2_ws/install/rse_observation_models' for CMake config files
[1.559s] Level 1:colcon.colcon_core.environment:checking '/home/jjy/ros2_ws/install/rse_observation_models/lib'
[1.559s] Level 1:colcon.colcon_core.environment:checking '/home/jjy/ros2_ws/install/rse_observation_models/bin'
[1.559s] Level 1:colcon.colcon_core.environment:checking '/home/jjy/ros2_ws/install/rse_observation_models/lib/pkgconfig/rse_observation_models.pc'
[1.559s] Level 1:colcon.colcon_core.environment:checking '/home/jjy/ros2_ws/install/rse_observation_models/lib/python3.10/site-packages'
[1.560s] Level 1:colcon.colcon_core.shell:create_environment_hook('rse_observation_models', 'pythonpath')
[1.560s] INFO:colcon.colcon_core.shell:Creating environment hook '/home/jjy/ros2_ws/install/rse_observation_models/share/rse_observation_models/hook/pythonpath.ps1'
[1.560s] INFO:colcon.colcon_core.shell:Creating environment descriptor '/home/jjy/ros2_ws/install/rse_observation_models/share/rse_observation_models/hook/pythonpath.dsv'
[1.560s] INFO:colcon.colcon_core.shell:Creating environment hook '/home/jjy/ros2_ws/install/rse_observation_models/share/rse_observation_models/hook/pythonpath.sh'
[1.560s] Level 1:colcon.colcon_core.environment:checking '/home/jjy/ros2_ws/install/rse_observation_models/bin'
[1.560s] Level 1:colcon.colcon_core.environment:create_environment_scripts_only(rse_observation_models)
[1.561s] INFO:colcon.colcon_core.shell:Creating package script '/home/jjy/ros2_ws/install/rse_observation_models/share/rse_observation_models/package.ps1'
[1.561s] INFO:colcon.colcon_core.shell:Creating package descriptor '/home/jjy/ros2_ws/install/rse_observation_models/share/rse_observation_models/package.dsv'
[1.561s] INFO:colcon.colcon_core.shell:Creating package script '/home/jjy/ros2_ws/install/rse_observation_models/share/rse_observation_models/package.sh'
[1.561s] INFO:colcon.colcon_core.shell:Creating package script '/home/jjy/ros2_ws/install/rse_observation_models/share/rse_observation_models/package.bash'
[1.561s] INFO:colcon.colcon_core.shell:Creating package script '/home/jjy/ros2_ws/install/rse_observation_models/share/rse_observation_models/package.zsh'
[1.562s] Level 1:colcon.colcon_core.environment:create_file_with_runtime_dependencies(/home/jjy/ros2_ws/install/rse_observation_models/share/colcon-core/packages/rse_observation_models)
[1.562s] INFO:colcon.colcon_ros.task.ament_python.build:Building ROS package in '/home/jjy/ros2_ws/src/rse_prob_robotics/rse_common_utils' with build type 'ament_python'
[1.562s] Level 1:colcon.colcon_core.shell:create_environment_hook('rse_common_utils', 'ament_prefix_path')
[1.562s] INFO:colcon.colcon_core.shell:Creating environment hook '/home/jjy/ros2_ws/install/rse_common_utils/share/rse_common_utils/hook/ament_prefix_path.ps1'
[1.562s] INFO:colcon.colcon_core.shell:Creating environment descriptor '/home/jjy/ros2_ws/install/rse_common_utils/share/rse_common_utils/hook/ament_prefix_path.dsv'
[1.563s] INFO:colcon.colcon_core.shell:Creating environment hook '/home/jjy/ros2_ws/install/rse_common_utils/share/rse_common_utils/hook/ament_prefix_path.sh'
[1.563s] INFO:colcon.colcon_core.shell:Skip shell extension 'powershell' for command environment: Not usable outside of PowerShell
[1.563s] DEBUG:colcon.colcon_core.shell:Skip shell extension 'dsv' for command environment
[1.696s] INFO:colcon.colcon_core.task.python.build:Building Python package in '/home/jjy/ros2_ws/src/rse_prob_robotics/rse_common_utils'
[1.696s] INFO:colcon.colcon_core.shell:Skip shell extension 'powershell' for command environment: Not usable outside of PowerShell
[1.696s] DEBUG:colcon.colcon_core.shell:Skip shell extension 'dsv' for command environment
[1.698s] Level 1:colcon.colcon_core.environment:checking '/home/jjy/ros2_ws/install/rse_occupancy_grid_mapping' for CMake module files
[1.699s] DEBUG:colcon.colcon_core.event_handler.log_command:Invoked command in '/home/jjy/ros2_ws/src/rse_prob_robotics/rse_occupancy_grid_mapping' returned '0': PYTHONPATH=/home/jjy/ros2_ws/build/rse_occupancy_grid_mapping/prefix_override:/usr/lib/python3/dist-packages/colcon_core/task/python/colcon_distutils_commands:/home/jjy/ros2_ws/install/rse_occupancy_grid_mapping/lib/python3.10/site-packages:${PYTHONPATH} /usr/bin/python3 -W ignore:setup.py install is deprecated -W ignore:easy_install command is deprecated setup.py egg_info --egg-base ../../../build/rse_occupancy_grid_mapping build --build-base /home/jjy/ros2_ws/build/rse_occupancy_grid_mapping/build install --record /home/jjy/ros2_ws/build/rse_occupancy_grid_mapping/install.log --single-version-externally-managed install_data --force
[1.699s] Level 1:colcon.colcon_core.environment:checking '/home/jjy/ros2_ws/install/rse_occupancy_grid_mapping' for CMake config files
[1.699s] Level 1:colcon.colcon_core.environment:checking '/home/jjy/ros2_ws/install/rse_occupancy_grid_mapping/lib'
[1.699s] Level 1:colcon.colcon_core.environment:checking '/home/jjy/ros2_ws/install/rse_occupancy_grid_mapping/bin'
[1.699s] Level 1:colcon.colcon_core.environment:checking '/home/jjy/ros2_ws/install/rse_occupancy_grid_mapping/lib/pkgconfig/rse_occupancy_grid_mapping.pc'
[1.699s] Level 1:colcon.colcon_core.environment:checking '/home/jjy/ros2_ws/install/rse_occupancy_grid_mapping/lib/python3.10/site-packages'
[1.699s] Level 1:colcon.colcon_core.shell:create_environment_hook('rse_occupancy_grid_mapping', 'pythonpath')
[1.699s] INFO:colcon.colcon_core.shell:Creating environment hook '/home/jjy/ros2_ws/install/rse_occupancy_grid_mapping/share/rse_occupancy_grid_mapping/hook/pythonpath.ps1'
[1.700s] INFO:colcon.colcon_core.shell:Creating environment descriptor '/home/jjy/ros2_ws/install/rse_occupancy_grid_mapping/share/rse_occupancy_grid_mapping/hook/pythonpath.dsv'
[1.700s] INFO:colcon.colcon_core.shell:Creating environment hook '/home/jjy/ros2_ws/install/rse_occupancy_grid_mapping/share/rse_occupancy_grid_mapping/hook/pythonpath.sh'
[1.700s] Level 1:colcon.colcon_core.environment:checking '/home/jjy/ros2_ws/install/rse_occupancy_grid_mapping/bin'
[1.700s] Level 1:colcon.colcon_core.environment:create_environment_scripts_only(rse_occupancy_grid_mapping)
[1.700s] INFO:colcon.colcon_core.shell:Creating package script '/home/jjy/ros2_ws/install/rse_occupancy_grid_mapping/share/rse_occupancy_grid_mapping/package.ps1'
[1.701s] INFO:colcon.colcon_core.shell:Creating package descriptor '/home/jjy/ros2_ws/install/rse_occupancy_grid_mapping/share/rse_occupancy_grid_mapping/package.dsv'
[1.701s] INFO:colcon.colcon_core.shell:Creating package script '/home/jjy/ros2_ws/install/rse_occupancy_grid_mapping/share/rse_occupancy_grid_mapping/package.sh'
[1.701s] INFO:colcon.colcon_core.shell:Creating package script '/home/jjy/ros2_ws/install/rse_occupancy_grid_mapping/share/rse_occupancy_grid_mapping/package.bash'
[1.701s] INFO:colcon.colcon_core.shell:Creating package script '/home/jjy/ros2_ws/install/rse_occupancy_grid_mapping/share/rse_occupancy_grid_mapping/package.zsh'
[1.701s] Level 1:colcon.colcon_core.environment:create_file_with_runtime_dependencies(/home/jjy/ros2_ws/install/rse_occupancy_grid_mapping/share/colcon-core/packages/rse_occupancy_grid_mapping)
[1.702s] Level 1:colcon.colcon_core.environment:checking '/home/jjy/ros2_ws/install/rse_map_models' for CMake module files
[1.702s] Level 1:colcon.colcon_core.environment:checking '/home/jjy/ros2_ws/install/rse_map_models' for CMake config files
[1.702s] DEBUG:colcon.colcon_core.event_handler.log_command:Invoked command in '/home/jjy/ros2_ws/src/rse_prob_robotics/rse_map_models' returned '0': PYTHONPATH=/home/jjy/ros2_ws/build/rse_map_models/prefix_override:/usr/lib/python3/dist-packages/colcon_core/task/python/colcon_distutils_commands:/home/jjy/ros2_ws/install/rse_map_models/lib/python3.10/site-packages:${PYTHONPATH} /usr/bin/python3 -W ignore:setup.py install is deprecated -W ignore:easy_install command is deprecated setup.py egg_info --egg-base ../../../build/rse_map_models build --build-base /home/jjy/ros2_ws/build/rse_map_models/build install --record /home/jjy/ros2_ws/build/rse_map_models/install.log --single-version-externally-managed install_data --force
[1.702s] Level 1:colcon.colcon_core.environment:checking '/home/jjy/ros2_ws/install/rse_map_models/lib'
[1.702s] Level 1:colcon.colcon_core.environment:checking '/home/jjy/ros2_ws/install/rse_map_models/bin'
[1.702s] Level 1:colcon.colcon_core.environment:checking '/home/jjy/ros2_ws/install/rse_map_models/lib/pkgconfig/rse_map_models.pc'
[1.702s] Level 1:colcon.colcon_core.environment:checking '/home/jjy/ros2_ws/install/rse_map_models/lib/python3.10/site-packages'
[1.703s] Level 1:colcon.colcon_core.shell:create_environment_hook('rse_map_models', 'pythonpath')
[1.703s] INFO:colcon.colcon_core.shell:Creating environment hook '/home/jjy/ros2_ws/install/rse_map_models/share/rse_map_models/hook/pythonpath.ps1'
[1.703s] INFO:colcon.colcon_core.shell:Creating environment descriptor '/home/jjy/ros2_ws/install/rse_map_models/share/rse_map_models/hook/pythonpath.dsv'
[1.703s] INFO:colcon.colcon_core.shell:Creating environment hook '/home/jjy/ros2_ws/install/rse_map_models/share/rse_map_models/hook/pythonpath.sh'
[1.703s] Level 1:colcon.colcon_core.environment:checking '/home/jjy/ros2_ws/install/rse_map_models/bin'
[1.703s] Level 1:colcon.colcon_core.environment:create_environment_scripts_only(rse_map_models)
[1.703s] INFO:colcon.colcon_core.shell:Creating package script '/home/jjy/ros2_ws/install/rse_map_models/share/rse_map_models/package.ps1'
[1.704s] INFO:colcon.colcon_core.shell:Creating package descriptor '/home/jjy/ros2_ws/install/rse_map_models/share/rse_map_models/package.dsv'
[1.704s] INFO:colcon.colcon_core.shell:Creating package script '/home/jjy/ros2_ws/install/rse_map_models/share/rse_map_models/package.sh'
[1.704s] INFO:colcon.colcon_core.shell:Creating package script '/home/jjy/ros2_ws/install/rse_map_models/share/rse_map_models/package.bash'
[1.704s] INFO:colcon.colcon_core.shell:Creating package script '/home/jjy/ros2_ws/install/rse_map_models/share/rse_map_models/package.zsh'
[1.704s] Level 1:colcon.colcon_core.environment:create_file_with_runtime_dependencies(/home/jjy/ros2_ws/install/rse_map_models/share/colcon-core/packages/rse_map_models)
[1.877s] DEBUG:colcon.colcon_core.event_handler.log_command:Invoking command in '/home/jjy/ros2_ws/build/rse_common_utils': AMENT_PREFIX_PATH=/home/jjy/ros2_ws/install/rse_observation_models:/home/jjy/ros2_ws/install/rse_motion_models:${AMENT_PREFIX_PATH} PYTHONPATH=/home/jjy/ros2_ws/build/rse_common_utils/prefix_override:/usr/lib/python3/dist-packages/colcon_core/task/python/colcon_distutils_commands:/home/jjy/ros2_ws/install/rse_common_utils/lib/python3.10/site-packages:/home/jjy/ros2_ws/install/rse_observation_models/lib/python3.10/site-packages:/home/jjy/ros2_ws/install/rse_motion_models/lib/python3.10/site-packages:${PYTHONPATH} /usr/bin/python3 -W ignore:setup.py install is deprecated -W ignore:easy_install command is deprecated setup.py develop --uninstall --editable --build-directory /home/jjy/ros2_ws/build/rse_common_utils/build
[2.089s] DEBUG:colcon.colcon_core.event_handler.log_command:Invoked command in '/home/jjy/ros2_ws/build/rse_common_utils' returned '0': AMENT_PREFIX_PATH=/home/jjy/ros2_ws/install/rse_observation_models:/home/jjy/ros2_ws/install/rse_motion_models:${AMENT_PREFIX_PATH} PYTHONPATH=/home/jjy/ros2_ws/build/rse_common_utils/prefix_override:/usr/lib/python3/dist-packages/colcon_core/task/python/colcon_distutils_commands:/home/jjy/ros2_ws/install/rse_common_utils/lib/python3.10/site-packages:/home/jjy/ros2_ws/install/rse_observation_models/lib/python3.10/site-packages:/home/jjy/ros2_ws/install/rse_motion_models/lib/python3.10/site-packages:${PYTHONPATH} /usr/bin/python3 -W ignore:setup.py install is deprecated -W ignore:easy_install command is deprecated setup.py develop --uninstall --editable --build-directory /home/jjy/ros2_ws/build/rse_common_utils/build
[2.090s] DEBUG:colcon.colcon_core.event_handler.log_command:Invoking command in '/home/jjy/ros2_ws/src/rse_prob_robotics/rse_common_utils': AMENT_PREFIX_PATH=/home/jjy/ros2_ws/install/rse_observation_models:/home/jjy/ros2_ws/install/rse_motion_models:${AMENT_PREFIX_PATH} PYTHONPATH=/home/jjy/ros2_ws/build/rse_common_utils/prefix_override:/usr/lib/python3/dist-packages/colcon_core/task/python/colcon_distutils_commands:/home/jjy/ros2_ws/install/rse_common_utils/lib/python3.10/site-packages:/home/jjy/ros2_ws/install/rse_observation_models/lib/python3.10/site-packages:/home/jjy/ros2_ws/install/rse_motion_models/lib/python3.10/site-packages:${PYTHONPATH} /usr/bin/python3 -W ignore:setup.py install is deprecated -W ignore:easy_install command is deprecated setup.py egg_info --egg-base ../../../build/rse_common_utils build --build-base /home/jjy/ros2_ws/build/rse_common_utils/build install --record /home/jjy/ros2_ws/build/rse_common_utils/install.log --single-version-externally-managed install_data --force
[2.237s] Level 1:colcon.colcon_core.environment:checking '/home/jjy/ros2_ws/install/rse_common_utils' for CMake module files
[2.237s] DEBUG:colcon.colcon_core.event_handler.log_command:Invoked command in '/home/jjy/ros2_ws/src/rse_prob_robotics/rse_common_utils' returned '0': AMENT_PREFIX_PATH=/home/jjy/ros2_ws/install/rse_observation_models:/home/jjy/ros2_ws/install/rse_motion_models:${AMENT_PREFIX_PATH} PYTHONPATH=/home/jjy/ros2_ws/build/rse_common_utils/prefix_override:/usr/lib/python3/dist-packages/colcon_core/task/python/colcon_distutils_commands:/home/jjy/ros2_ws/install/rse_common_utils/lib/python3.10/site-packages:/home/jjy/ros2_ws/install/rse_observation_models/lib/python3.10/site-packages:/home/jjy/ros2_ws/install/rse_motion_models/lib/python3.10/site-packages:${PYTHONPATH} /usr/bin/python3 -W ignore:setup.py install is deprecated -W ignore:easy_install command is deprecated setup.py egg_info --egg-base ../../../build/rse_common_utils build --build-base /home/jjy/ros2_ws/build/rse_common_utils/build install --record /home/jjy/ros2_ws/build/rse_common_utils/install.log --single-version-externally-managed install_data --force
[2.237s] Level 1:colcon.colcon_core.environment:checking '/home/jjy/ros2_ws/install/rse_common_utils' for CMake config files
[2.238s] Level 1:colcon.colcon_core.environment:checking '/home/jjy/ros2_ws/install/rse_common_utils/lib'
[2.238s] Level 1:colcon.colcon_core.environment:checking '/home/jjy/ros2_ws/install/rse_common_utils/bin'
[2.238s] Level 1:colcon.colcon_core.environment:checking '/home/jjy/ros2_ws/install/rse_common_utils/lib/pkgconfig/rse_common_utils.pc'
[2.238s] Level 1:colcon.colcon_core.environment:checking '/home/jjy/ros2_ws/install/rse_common_utils/lib/python3.10/site-packages'
[2.238s] Level 1:colcon.colcon_core.shell:create_environment_hook('rse_common_utils', 'pythonpath')
[2.238s] INFO:colcon.colcon_core.shell:Creating environment hook '/home/jjy/ros2_ws/install/rse_common_utils/share/rse_common_utils/hook/pythonpath.ps1'
[2.239s] INFO:colcon.colcon_core.shell:Creating environment descriptor '/home/jjy/ros2_ws/install/rse_common_utils/share/rse_common_utils/hook/pythonpath.dsv'
[2.239s] INFO:colcon.colcon_core.shell:Creating environment hook '/home/jjy/ros2_ws/install/rse_common_utils/share/rse_common_utils/hook/pythonpath.sh'
[2.239s] Level 1:colcon.colcon_core.environment:checking '/home/jjy/ros2_ws/install/rse_common_utils/bin'
[2.239s] Level 1:colcon.colcon_core.environment:create_environment_scripts_only(rse_common_utils)
[2.239s] INFO:colcon.colcon_core.shell:Creating package script '/home/jjy/ros2_ws/install/rse_common_utils/share/rse_common_utils/package.ps1'
[2.240s] INFO:colcon.colcon_core.shell:Creating package descriptor '/home/jjy/ros2_ws/install/rse_common_utils/share/rse_common_utils/package.dsv'
[2.240s] INFO:colcon.colcon_core.shell:Creating package script '/home/jjy/ros2_ws/install/rse_common_utils/share/rse_common_utils/package.sh'
[2.240s] INFO:colcon.colcon_core.shell:Creating package script '/home/jjy/ros2_ws/install/rse_common_utils/share/rse_common_utils/package.bash'
[2.240s] INFO:colcon.colcon_core.shell:Creating package script '/home/jjy/ros2_ws/install/rse_common_utils/share/rse_common_utils/package.zsh'
[2.240s] Level 1:colcon.colcon_core.environment:create_file_with_runtime_dependencies(/home/jjy/ros2_ws/install/rse_common_utils/share/colcon-core/packages/rse_common_utils)
[2.240s] INFO:colcon.colcon_ros.task.ament_python.build:Building ROS package in '/home/jjy/ros2_ws/src/rse_prob_robotics/rse_gaussian_filters' with build type 'ament_python'
[2.240s] Level 1:colcon.colcon_core.shell:create_environment_hook('rse_gaussian_filters', 'ament_prefix_path')
[2.241s] INFO:colcon.colcon_core.shell:Creating environment hook '/home/jjy/ros2_ws/install/rse_gaussian_filters/share/rse_gaussian_filters/hook/ament_prefix_path.ps1'
[2.241s] INFO:colcon.colcon_core.shell:Creating environment descriptor '/home/jjy/ros2_ws/install/rse_gaussian_filters/share/rse_gaussian_filters/hook/ament_prefix_path.dsv'
[2.241s] INFO:colcon.colcon_core.shell:Creating environment hook '/home/jjy/ros2_ws/install/rse_gaussian_filters/share/rse_gaussian_filters/hook/ament_prefix_path.sh'
[2.241s] INFO:colcon.colcon_core.shell:Skip shell extension 'powershell' for command environment: Not usable outside of PowerShell
[2.241s] DEBUG:colcon.colcon_core.shell:Skip shell extension 'dsv' for command environment
[2.243s] INFO:colcon.colcon_ros.task.ament_python.build:Building ROS package in '/home/jjy/ros2_ws/src/rse_prob_robotics/rse_lidar_odometry' with build type 'ament_python'
[2.243s] Level 1:colcon.colcon_core.shell:create_environment_hook('rse_lidar_odometry', 'ament_prefix_path')
[2.243s] INFO:colcon.colcon_core.shell:Creating environment hook '/home/jjy/ros2_ws/install/rse_lidar_odometry/share/rse_lidar_odometry/hook/ament_prefix_path.ps1'
[2.243s] INFO:colcon.colcon_core.shell:Creating environment descriptor '/home/jjy/ros2_ws/install/rse_lidar_odometry/share/rse_lidar_odometry/hook/ament_prefix_path.dsv'
[2.243s] INFO:colcon.colcon_core.shell:Creating environment hook '/home/jjy/ros2_ws/install/rse_lidar_odometry/share/rse_lidar_odometry/hook/ament_prefix_path.sh'
[2.244s] INFO:colcon.colcon_core.shell:Skip shell extension 'powershell' for command environment: Not usable outside of PowerShell
[2.244s] DEBUG:colcon.colcon_core.shell:Skip shell extension 'dsv' for command environment
[2.367s] INFO:colcon.colcon_core.task.python.build:Building Python package in '/home/jjy/ros2_ws/src/rse_prob_robotics/rse_gaussian_filters'
[2.367s] INFO:colcon.colcon_core.shell:Skip shell extension 'powershell' for command environment: Not usable outside of PowerShell
[2.367s] DEBUG:colcon.colcon_core.shell:Skip shell extension 'dsv' for command environment
[2.493s] INFO:colcon.colcon_core.task.python.build:Building Python package in '/home/jjy/ros2_ws/src/rse_prob_robotics/rse_lidar_odometry'
[2.493s] INFO:colcon.colcon_core.shell:Skip shell extension 'powershell' for command environment: Not usable outside of PowerShell
[2.493s] DEBUG:colcon.colcon_core.shell:Skip shell extension 'dsv' for command environment
[2.674s] DEBUG:colcon.colcon_core.event_handler.log_command:Invoking command in '/home/jjy/ros2_ws/build/rse_lidar_odometry': AMENT_PREFIX_PATH=/home/jjy/ros2_ws/install/rse_common_utils:/home/jjy/ros2_ws/install/rse_observation_models:/home/jjy/ros2_ws/install/rse_motion_models:${AMENT_PREFIX_PATH} PYTHONPATH=/home/jjy/ros2_ws/build/rse_lidar_odometry/prefix_override:/usr/lib/python3/dist-packages/colcon_core/task/python/colcon_distutils_commands:/home/jjy/ros2_ws/install/rse_lidar_odometry/lib/python3.10/site-packages:/home/jjy/ros2_ws/install/rse_common_utils/lib/python3.10/site-packages:/home/jjy/ros2_ws/install/rse_observation_models/lib/python3.10/site-packages:/home/jjy/ros2_ws/install/rse_motion_models/lib/python3.10/site-packages:${PYTHONPATH} /usr/bin/python3 -W ignore:setup.py install is deprecated -W ignore:easy_install command is deprecated setup.py develop --uninstall --editable --build-directory /home/jjy/ros2_ws/build/rse_lidar_odometry/build
[2.675s] DEBUG:colcon.colcon_core.event_handler.log_command:Invoking command in '/home/jjy/ros2_ws/build/rse_gaussian_filters': AMENT_PREFIX_PATH=/home/jjy/ros2_ws/install/rse_common_utils:/home/jjy/ros2_ws/install/rse_observation_models:/home/jjy/ros2_ws/install/rse_motion_models:${AMENT_PREFIX_PATH} PYTHONPATH=/home/jjy/ros2_ws/build/rse_gaussian_filters/prefix_override:/usr/lib/python3/dist-packages/colcon_core/task/python/colcon_distutils_commands:/home/jjy/ros2_ws/install/rse_gaussian_filters/lib/python3.10/site-packages:/home/jjy/ros2_ws/install/rse_common_utils/lib/python3.10/site-packages:/home/jjy/ros2_ws/install/rse_observation_models/lib/python3.10/site-packages:/home/jjy/ros2_ws/install/rse_motion_models/lib/python3.10/site-packages:${PYTHONPATH} /usr/bin/python3 -W ignore:setup.py install is deprecated -W ignore:easy_install command is deprecated setup.py develop --uninstall --editable --build-directory /home/jjy/ros2_ws/build/rse_gaussian_filters/build
[2.883s] DEBUG:colcon.colcon_core.event_handler.log_command:Invoked command in '/home/jjy/ros2_ws/build/rse_lidar_odometry' returned '0': AMENT_PREFIX_PATH=/home/jjy/ros2_ws/install/rse_common_utils:/home/jjy/ros2_ws/install/rse_observation_models:/home/jjy/ros2_ws/install/rse_motion_models:${AMENT_PREFIX_PATH} PYTHONPATH=/home/jjy/ros2_ws/build/rse_lidar_odometry/prefix_override:/usr/lib/python3/dist-packages/colcon_core/task/python/colcon_distutils_commands:/home/jjy/ros2_ws/install/rse_lidar_odometry/lib/python3.10/site-packages:/home/jjy/ros2_ws/install/rse_common_utils/lib/python3.10/site-packages:/home/jjy/ros2_ws/install/rse_observation_models/lib/python3.10/site-packages:/home/jjy/ros2_ws/install/rse_motion_models/lib/python3.10/site-packages:${PYTHONPATH} /usr/bin/python3 -W ignore:setup.py install is deprecated -W ignore:easy_install command is deprecated setup.py develop --uninstall --editable --build-directory /home/jjy/ros2_ws/build/rse_lidar_odometry/build
[2.884s] DEBUG:colcon.colcon_core.event_handler.log_command:Invoking command in '/home/jjy/ros2_ws/src/rse_prob_robotics/rse_lidar_odometry': AMENT_PREFIX_PATH=/home/jjy/ros2_ws/install/rse_common_utils:/home/jjy/ros2_ws/install/rse_observation_models:/home/jjy/ros2_ws/install/rse_motion_models:${AMENT_PREFIX_PATH} PYTHONPATH=/home/jjy/ros2_ws/build/rse_lidar_odometry/prefix_override:/usr/lib/python3/dist-packages/colcon_core/task/python/colcon_distutils_commands:/home/jjy/ros2_ws/install/rse_lidar_odometry/lib/python3.10/site-packages:/home/jjy/ros2_ws/install/rse_common_utils/lib/python3.10/site-packages:/home/jjy/ros2_ws/install/rse_observation_models/lib/python3.10/site-packages:/home/jjy/ros2_ws/install/rse_motion_models/lib/python3.10/site-packages:${PYTHONPATH} /usr/bin/python3 -W ignore:setup.py install is deprecated -W ignore:easy_install command is deprecated setup.py egg_info --egg-base ../../../build/rse_lidar_odometry build --build-base /home/jjy/ros2_ws/build/rse_lidar_odometry/build install --record /home/jjy/ros2_ws/build/rse_lidar_odometry/install.log --single-version-externally-managed install_data --force
[2.909s] DEBUG:colcon.colcon_core.event_handler.log_command:Invoked command in '/home/jjy/ros2_ws/build/rse_gaussian_filters' returned '0': AMENT_PREFIX_PATH=/home/jjy/ros2_ws/install/rse_common_utils:/home/jjy/ros2_ws/install/rse_observation_models:/home/jjy/ros2_ws/install/rse_motion_models:${AMENT_PREFIX_PATH} PYTHONPATH=/home/jjy/ros2_ws/build/rse_gaussian_filters/prefix_override:/usr/lib/python3/dist-packages/colcon_core/task/python/colcon_distutils_commands:/home/jjy/ros2_ws/install/rse_gaussian_filters/lib/python3.10/site-packages:/home/jjy/ros2_ws/install/rse_common_utils/lib/python3.10/site-packages:/home/jjy/ros2_ws/install/rse_observation_models/lib/python3.10/site-packages:/home/jjy/ros2_ws/install/rse_motion_models/lib/python3.10/site-packages:${PYTHONPATH} /usr/bin/python3 -W ignore:setup.py install is deprecated -W ignore:easy_install command is deprecated setup.py develop --uninstall --editable --build-directory /home/jjy/ros2_ws/build/rse_gaussian_filters/build
[2.910s] DEBUG:colcon.colcon_core.event_handler.log_command:Invoking command in '/home/jjy/ros2_ws/src/rse_prob_robotics/rse_gaussian_filters': AMENT_PREFIX_PATH=/home/jjy/ros2_ws/install/rse_common_utils:/home/jjy/ros2_ws/install/rse_observation_models:/home/jjy/ros2_ws/install/rse_motion_models:${AMENT_PREFIX_PATH} PYTHONPATH=/home/jjy/ros2_ws/build/rse_gaussian_filters/prefix_override:/usr/lib/python3/dist-packages/colcon_core/task/python/colcon_distutils_commands:/home/jjy/ros2_ws/install/rse_gaussian_filters/lib/python3.10/site-packages:/home/jjy/ros2_ws/install/rse_common_utils/lib/python3.10/site-packages:/home/jjy/ros2_ws/install/rse_observation_models/lib/python3.10/site-packages:/home/jjy/ros2_ws/install/rse_motion_models/lib/python3.10/site-packages:${PYTHONPATH} /usr/bin/python3 -W ignore:setup.py install is deprecated -W ignore:easy_install command is deprecated setup.py egg_info --egg-base ../../../build/rse_gaussian_filters build --build-base /home/jjy/ros2_ws/build/rse_gaussian_filters/build install --record /home/jjy/ros2_ws/build/rse_gaussian_filters/install.log --single-version-externally-managed install_data --force
[3.029s] Level 1:colcon.colcon_core.environment:checking '/home/jjy/ros2_ws/install/rse_lidar_odometry' for CMake module files
[3.030s] DEBUG:colcon.colcon_core.event_handler.log_command:Invoked command in '/home/jjy/ros2_ws/src/rse_prob_robotics/rse_lidar_odometry' returned '0': AMENT_PREFIX_PATH=/home/jjy/ros2_ws/install/rse_common_utils:/home/jjy/ros2_ws/install/rse_observation_models:/home/jjy/ros2_ws/install/rse_motion_models:${AMENT_PREFIX_PATH} PYTHONPATH=/home/jjy/ros2_ws/build/rse_lidar_odometry/prefix_override:/usr/lib/python3/dist-packages/colcon_core/task/python/colcon_distutils_commands:/home/jjy/ros2_ws/install/rse_lidar_odometry/lib/python3.10/site-packages:/home/jjy/ros2_ws/install/rse_common_utils/lib/python3.10/site-packages:/home/jjy/ros2_ws/install/rse_observation_models/lib/python3.10/site-packages:/home/jjy/ros2_ws/install/rse_motion_models/lib/python3.10/site-packages:${PYTHONPATH} /usr/bin/python3 -W ignore:setup.py install is deprecated -W ignore:easy_install command is deprecated setup.py egg_info --egg-base ../../../build/rse_lidar_odometry build --build-base /home/jjy/ros2_ws/build/rse_lidar_odometry/build install --record /home/jjy/ros2_ws/build/rse_lidar_odometry/install.log --single-version-externally-managed install_data --force
[3.030s] Level 1:colcon.colcon_core.environment:checking '/home/jjy/ros2_ws/install/rse_lidar_odometry' for CMake config files
[3.030s] Level 1:colcon.colcon_core.environment:checking '/home/jjy/ros2_ws/install/rse_lidar_odometry/lib'
[3.031s] Level 1:colcon.colcon_core.environment:checking '/home/jjy/ros2_ws/install/rse_lidar_odometry/bin'
[3.031s] Level 1:colcon.colcon_core.environment:checking '/home/jjy/ros2_ws/install/rse_lidar_odometry/lib/pkgconfig/rse_lidar_odometry.pc'
[3.031s] Level 1:colcon.colcon_core.environment:checking '/home/jjy/ros2_ws/install/rse_lidar_odometry/lib/python3.10/site-packages'
[3.031s] Level 1:colcon.colcon_core.shell:create_environment_hook('rse_lidar_odometry', 'pythonpath')
[3.031s] INFO:colcon.colcon_core.shell:Creating environment hook '/home/jjy/ros2_ws/install/rse_lidar_odometry/share/rse_lidar_odometry/hook/pythonpath.ps1'
[3.031s] INFO:colcon.colcon_core.shell:Creating environment descriptor '/home/jjy/ros2_ws/install/rse_lidar_odometry/share/rse_lidar_odometry/hook/pythonpath.dsv'
[3.032s] INFO:colcon.colcon_core.shell:Creating environment hook '/home/jjy/ros2_ws/install/rse_lidar_odometry/share/rse_lidar_odometry/hook/pythonpath.sh'
[3.032s] Level 1:colcon.colcon_core.environment:checking '/home/jjy/ros2_ws/install/rse_lidar_odometry/bin'
[3.032s] Level 1:colcon.colcon_core.environment:create_environment_scripts_only(rse_lidar_odometry)
[3.032s] INFO:colcon.colcon_core.shell:Creating package script '/home/jjy/ros2_ws/install/rse_lidar_odometry/share/rse_lidar_odometry/package.ps1'
[3.033s] INFO:colcon.colcon_core.shell:Creating package descriptor '/home/jjy/ros2_ws/install/rse_lidar_odometry/share/rse_lidar_odometry/package.dsv'
[3.033s] INFO:colcon.colcon_core.shell:Creating package script '/home/jjy/ros2_ws/install/rse_lidar_odometry/share/rse_lidar_odometry/package.sh'
[3.033s] INFO:colcon.colcon_core.shell:Creating package script '/home/jjy/ros2_ws/install/rse_lidar_odometry/share/rse_lidar_odometry/package.bash'
[3.033s] INFO:colcon.colcon_core.shell:Creating package script '/home/jjy/ros2_ws/install/rse_lidar_odometry/share/rse_lidar_odometry/package.zsh'
[3.034s] Level 1:colcon.colcon_core.environment:create_file_with_runtime_dependencies(/home/jjy/ros2_ws/install/rse_lidar_odometry/share/colcon-core/packages/rse_lidar_odometry)
[3.062s] Level 1:colcon.colcon_core.environment:checking '/home/jjy/ros2_ws/install/rse_gaussian_filters' for CMake module files
[3.062s] DEBUG:colcon.colcon_core.event_handler.log_command:Invoked command in '/home/jjy/ros2_ws/src/rse_prob_robotics/rse_gaussian_filters' returned '0': AMENT_PREFIX_PATH=/home/jjy/ros2_ws/install/rse_common_utils:/home/jjy/ros2_ws/install/rse_observation_models:/home/jjy/ros2_ws/install/rse_motion_models:${AMENT_PREFIX_PATH} PYTHONPATH=/home/jjy/ros2_ws/build/rse_gaussian_filters/prefix_override:/usr/lib/python3/dist-packages/colcon_core/task/python/colcon_distutils_commands:/home/jjy/ros2_ws/install/rse_gaussian_filters/lib/python3.10/site-packages:/home/jjy/ros2_ws/install/rse_common_utils/lib/python3.10/site-packages:/home/jjy/ros2_ws/install/rse_observation_models/lib/python3.10/site-packages:/home/jjy/ros2_ws/install/rse_motion_models/lib/python3.10/site-packages:${PYTHONPATH} /usr/bin/python3 -W ignore:setup.py install is deprecated -W ignore:easy_install command is deprecated setup.py egg_info --egg-base ../../../build/rse_gaussian_filters build --build-base /home/jjy/ros2_ws/build/rse_gaussian_filters/build install --record /home/jjy/ros2_ws/build/rse_gaussian_filters/install.log --single-version-externally-managed install_data --force
[3.062s] Level 1:colcon.colcon_core.environment:checking '/home/jjy/ros2_ws/install/rse_gaussian_filters' for CMake config files
[3.063s] Level 1:colcon.colcon_core.environment:checking '/home/jjy/ros2_ws/install/rse_gaussian_filters/lib'
[3.063s] Level 1:colcon.colcon_core.environment:checking '/home/jjy/ros2_ws/install/rse_gaussian_filters/bin'
[3.063s] Level 1:colcon.colcon_core.environment:checking '/home/jjy/ros2_ws/install/rse_gaussian_filters/lib/pkgconfig/rse_gaussian_filters.pc'
[3.063s] Level 1:colcon.colcon_core.environment:checking '/home/jjy/ros2_ws/install/rse_gaussian_filters/lib/python3.10/site-packages'
[3.063s] Level 1:colcon.colcon_core.shell:create_environment_hook('rse_gaussian_filters', 'pythonpath')
[3.063s] INFO:colcon.colcon_core.shell:Creating environment hook '/home/jjy/ros2_ws/install/rse_gaussian_filters/share/rse_gaussian_filters/hook/pythonpath.ps1'
[3.063s] INFO:colcon.colcon_core.shell:Creating environment descriptor '/home/jjy/ros2_ws/install/rse_gaussian_filters/share/rse_gaussian_filters/hook/pythonpath.dsv'
[3.063s] INFO:colcon.colcon_core.shell:Creating environment hook '/home/jjy/ros2_ws/install/rse_gaussian_filters/share/rse_gaussian_filters/hook/pythonpath.sh'
[3.064s] Level 1:colcon.colcon_core.environment:checking '/home/jjy/ros2_ws/install/rse_gaussian_filters/bin'
[3.064s] Level 1:colcon.colcon_core.environment:create_environment_scripts_only(rse_gaussian_filters)
[3.064s] INFO:colcon.colcon_core.shell:Creating package script '/home/jjy/ros2_ws/install/rse_gaussian_filters/share/rse_gaussian_filters/package.ps1'
[3.064s] INFO:colcon.colcon_core.shell:Creating package descriptor '/home/jjy/ros2_ws/install/rse_gaussian_filters/share/rse_gaussian_filters/package.dsv'
[3.064s] INFO:colcon.colcon_core.shell:Creating package script '/home/jjy/ros2_ws/install/rse_gaussian_filters/share/rse_gaussian_filters/package.sh'
[3.065s] INFO:colcon.colcon_core.shell:Creating package script '/home/jjy/ros2_ws/install/rse_gaussian_filters/share/rse_gaussian_filters/package.bash'
[3.065s] INFO:colcon.colcon_core.shell:Creating package script '/home/jjy/ros2_ws/install/rse_gaussian_filters/share/rse_gaussian_filters/package.zsh'
[3.065s] Level 1:colcon.colcon_core.environment:create_file_with_runtime_dependencies(/home/jjy/ros2_ws/install/rse_gaussian_filters/share/colcon-core/packages/rse_gaussian_filters)
[3.065s] DEBUG:colcon.colcon_parallel_executor.executor.parallel:closing loop
[3.065s] DEBUG:colcon.colcon_parallel_executor.executor.parallel:loop closed
[3.065s] DEBUG:colcon.colcon_parallel_executor.executor.parallel:run_until_complete finished with '0'
[3.065s] DEBUG:colcon.colcon_core.event_reactor:joining thread
[3.068s] INFO:colcon.colcon_core.plugin_system:Skipping extension 'colcon_notification.desktop_notification.terminal_notifier': Not used on non-Darwin systems
[3.068s] INFO:colcon.colcon_core.plugin_system:Skipping extension 'colcon_notification.desktop_notification.win32': Not used on non-Windows systems
[3.068s] INFO:colcon.colcon_notification.desktop_notification:Sending desktop notification using 'notify2'
[3.073s] DEBUG:colcon.colcon_core.event_reactor:joined thread
[3.074s] INFO:colcon.colcon_core.shell:Creating prefix script '/home/jjy/ros2_ws/install/local_setup.ps1'
[3.074s] INFO:colcon.colcon_core.shell:Creating prefix util module '/home/jjy/ros2_ws/install/_local_setup_util_ps1.py'
[3.075s] INFO:colcon.colcon_core.shell:Creating prefix chain script '/home/jjy/ros2_ws/install/setup.ps1'
[3.075s] INFO:colcon.colcon_core.shell:Creating prefix script '/home/jjy/ros2_ws/install/local_setup.sh'
[3.076s] INFO:colcon.colcon_core.shell:Creating prefix util module '/home/jjy/ros2_ws/install/_local_setup_util_sh.py'
[3.076s] INFO:colcon.colcon_core.shell:Creating prefix chain script '/home/jjy/ros2_ws/install/setup.sh'
[3.076s] INFO:colcon.colcon_core.shell:Creating prefix script '/home/jjy/ros2_ws/install/local_setup.bash'
[3.077s] INFO:colcon.colcon_core.shell:Creating prefix chain script '/home/jjy/ros2_ws/install/setup.bash'
[3.077s] INFO:colcon.colcon_core.shell:Creating prefix script '/home/jjy/ros2_ws/install/local_setup.zsh'
[3.078s] INFO:colcon.colcon_core.shell:Creating prefix chain script '/home/jjy/ros2_ws/install/setup.zsh'
